customer_id,first_name,last_name,email,gender,date_of_birth,city,created_at
1,Dinda,Pratama,dinda.pratama1@example.com,Female,1980-12-26,Bekasi,2023-10-13
2,Dinda,Lestari,dinda.lestari2@example.com,Male,1996-06-27,Surabaya,2023-03-07
3,Andi,Saputra,andi.saputra3@example.com,Male,1980-06-08,Yogyakarta,2023-02-24
4,Taufik,Santoso,taufik.santoso4@example.com,Female,1979-11-21,Semarang,2024-07-23
5,Andi,Wijaya,andi.wijaya5@example.com,Female,1985-04-06,Bogor,2023-11-15
6,Gita,Nugraha,gita.nugraha6@example.com,Male,1974-02-28,Surabaya,2023-07-18
7,Lukman,Nugraha,lukman.nugraha7@example.com,Female,1971-12-13,Semarang,2023-09-13
8,Maya,Saputra,maya.saputra8@example.com,Female,1998-03-14,Medan,2025-01-10
9,Vina,Santoso,vina.santoso9@example.com,Male,1972-01-21,Bekasi,2024-08-15
10,Citra,Santoso,citra.santoso10@example.com,Male,1987-01-19,Bogor,2025-07-17
11,Lukman,Wijaya,lukman.wijaya11@example.com,Female,1985-12-08,Bekasi,2024-06-30
12,Citra,Ramadhan,citra.ramadhan12@example.com,Male,1993-12-17,Bekasi,2023-12-01
13,Putri,Hidayat,putri.hidayat13@example.com,Female,1998-09-16,Yogyakarta,2024-03-25
14,Karin,Pratama,karin.pratama14@example.com,Male,1971-06-10,Tangerang,2025-04-01
15,Intan,Saputra,intan.saputra15@example.com,Male,1995-06-11,Tangerang,2024-03-11
16,Rizky,Hidayat,rizky.hidayat16@example.com,Female,1976-05-29,Bogor,2023-10-13
17,Hadi,Lestari,hadi.lestari17@example.com,Female,2003-07-06,Medan,2025-05-27
18,Vina,Hidayat,vina.hidayat18@example.com,Female,1979-11-03,Depok,2025-11-09
19,Rizky,Saputra,rizky.saputra19@example.com,Male,1974-12-02,Depok,2023-11-24
20,Nanda,Ramadhan,nanda.ramadhan20@example.com,Male,1987-04-06,Surabaya,2025-08-16
21,Sari,Permata,sari.permata21@example.com,Male,2000-07-07,Bandung,2024-06-30
22,Karin,Saputra,karin.saputra22@example.com,Female,1989-07-03,Depok,2025-07-18
23,Andi,Permata,andi.permata23@example.com,Male,1992-10-09,Bandung,2024-09-03
24,Sari,Ramadhan,sari.ramadhan24@example.com,Male,1976-11-09,Tangerang,2023-11-27
25,Taufik,Lestari,taufik.lestari25@example.com,Male,1996-11-13,Tangerang,2025-09-27
26,Andi,Saputra,andi.saputra26@example.com,Female,1983-10-18,Bekasi,2023-04-29
27,Hadi,Ramadhan,hadi.ramadhan27@example.com,Male,1973-11-04,Semarang,2023-05-22
28,Taufik,Wijaya,taufik.wijaya28@example.com,Male,1999-08-06,Semarang,2023-12-05
29,Intan,Lestari,intan.lestari29@example.com,Female,1979-07-03,Yogyakarta,2024-02-16
30,Joko,Hidayat,joko.hidayat30@example.com,Female,1989-08-26,Yogyakarta,2025-07-13
31,Dinda,Santoso,dinda.santoso31@example.com,Male,1972-11-15,Tangerang,2023-02-13
32,Vina,Lestari,vina.lestari32@example.com,Male,1996-05-25,Bekasi,2023-01-15
33,Citra,Pratama,citra.pratama33@example.com,Male,1973-01-09,Jakarta,2024-11-07
34,Citra,Lestari,citra.lestari34@example.com,Male,1982-06-29,Semarang,2024-03-14
35,Taufik,Wijaya,taufik.wijaya35@example.com,Female,1980-11-25,Semarang,2025-04-13
36,Gita,Saputra,gita.saputra36@example.com,Male,1999-07-24,Surabaya,2024-12-26
37,Nanda,Hidayat,nanda.hidayat37@example.com,Female,2002-09-15,Jakarta,2023-07-21
38,Budi,Hidayat,budi.hidayat38@example.com,Female,2005-11-29,Bandung,2024-05-24
39,Gita,Santoso,gita.santoso39@example.com,Female,1976-04-15,Surabaya,2024-01-11
40,Intan,Kurniawan,intan.kurniawan40@example.com,Male,1973-05-20,Semarang,2023-07-20
41,Budi,Lestari,budi.lestari41@example.com,Male,1974-03-09,Bekasi,2023-12-07
42,Nanda,Kurniawan,nanda.kurniawan42@example.com,Female,1979-08-04,Surabaya,2023-05-01
43,Fajar,Hidayat,fajar.hidayat43@example.com,Male,1987-07-07,Bogor,2025-07-20
44,Joko,Hidayat,joko.hidayat44@example.com,Female,1976-12-11,Bekasi,2024-08-30
45,Gita,Pratama,gita.pratama45@example.com,Male,2003-07-21,Tangerang,2023-04-28
46,Budi,Ramadhan,budi.ramadhan46@example.com,Female,1992-07-22,Yogyakarta,2023-11-19
47,Budi,Lestari,budi.lestari47@example.com,Male,1978-05-03,Bandung,2023-05-20
48,Hadi,Hidayat,hadi.hidayat48@example.com,Male,1995-07-22,Bekasi,2023-03-23
49,Yusuf,Saputra,yusuf.saputra49@example.com,Female,1999-06-28,Medan,2025-12-06
50,Karin,Permata,karin.permata50@example.com,Male,2000-01-16,Tangerang,2024-05-03
51,Intan,Hidayat,intan.hidayat51@example.com,Male,2000-02-17,Bogor,2025-07-25
52,Karin,Saputra,karin.saputra52@example.com,Male,1990-07-23,Medan,2023-07-24
53,Citra,Lestari,citra.lestari53@example.com,Male,1992-09-10,Bogor,2023-09-29
54,Lukman,Saputra,lukman.saputra54@example.com,Male,1986-07-30,Bogor,2023-11-20
55,Putri,Lestari,putri.lestari55@example.com,Female,1997-06-09,Yogyakarta,2023-01-17
56,Taufik,Permata,taufik.permata56@example.com,Male,1976-01-10,Bogor,2023-08-25
57,Dinda,Lestari,dinda.lestari57@example.com,Male,1982-03-21,Bogor,2024-03-07
58,Karin,Santoso,karin.santoso58@example.com,Female,1992-09-02,Semarang,2024-05-29
59,Budi,Saputra,budi.saputra59@example.com,Female,1982-05-31,Jakarta,2023-01-08
60,Karin,Wijaya,karin.wijaya60@example.com,Female,1977-04-01,Semarang,2025-05-25
61,Taufik,Pratama,taufik.pratama61@example.com,Male,1973-05-17,Depok,2023-03-15
62,Lukman,Ramadhan,lukman.ramadhan62@example.com,Male,1989-04-12,Depok,2023-03-27
63,Joko,Nugraha,joko.nugraha63@example.com,Male,1986-01-19,Bekasi,2024-05-26
64,Dinda,Nugraha,dinda.nugraha64@example.com,Female,1997-11-03,Depok,2024-04-29
65,Fajar,Wijaya,fajar.wijaya65@example.com,Female,1971-02-11,Depok,2024-11-11
66,Nanda,Santoso,nanda.santoso66@example.com,Female,1977-02-21,Bandung,2025-02-22
67,Budi,Kurniawan,budi.kurniawan67@example.com,Male,1978-12-14,Semarang,2024-12-17
68,Joko,Santoso,joko.santoso68@example.com,Male,1971-01-23,Bekasi,2025-03-27
69,Karin,Permata,karin.permata69@example.com,Male,2004-09-09,Bogor,2024-12-20
70,Sari,Hidayat,sari.hidayat70@example.com,Female,1971-03-29,Bandung,2024-06-18
71,Fajar,Ramadhan,fajar.ramadhan71@example.com,Female,1971-09-19,Bandung,2025-06-08
72,Lukman,Nugraha,lukman.nugraha72@example.com,Female,1997-03-12,Yogyakarta,2023-08-25
73,Maya,Ramadhan,maya.ramadhan73@example.com,Male,1981-06-05,Jakarta,2025-06-12
74,Andi,Lestari,andi.lestari74@example.com,Male,1986-05-04,Surabaya,2023-05-24
75,Karin,Ramadhan,karin.ramadhan75@example.com,Female,1999-10-04,Bandung,2024-09-07
76,Sari,Permata,sari.permata76@example.com,Female,1984-08-19,Surabaya,2024-08-28
77,Taufik,Wijaya,taufik.wijaya77@example.com,Male,1988-11-10,Surabaya,2023-12-23
78,Yusuf,Ramadhan,yusuf.ramadhan78@example.com,Female,1988-03-20,Yogyakarta,2023-01-01
79,Joko,Permata,joko.permata79@example.com,Male,1989-04-14,Medan,2024-10-21
80,Putri,Kurniawan,putri.kurniawan80@example.com,Female,2000-04-22,Bekasi,2025-11-12
81,Rizky,Wijaya,rizky.wijaya81@example.com,Male,1982-09-24,Yogyakarta,2024-11-17
82,Citra,Santoso,citra.santoso82@example.com,Female,1980-01-29,Bekasi,2023-10-29
83,Andi,Pratama,andi.pratama83@example.com,Male,1991-04-25,Medan,2023-05-30
84,Putri,Hidayat,putri.hidayat84@example.com,Male,2002-03-23,Surabaya,2025-10-09
85,Maya,Santoso,maya.santoso85@example.com,Male,1999-06-06,Jakarta,2023-08-07
86,Nanda,Santoso,nanda.santoso86@example.com,Male,2001-03-20,Yogyakarta,2025-08-09
87,Budi,Lestari,budi.lestari87@example.com,Male,1975-06-12,Semarang,2023-10-01
88,Putri,Lestari,putri.lestari88@example.com,Female,2003-11-18,Semarang,2025-10-30
89,Nanda,Lestari,nanda.lestari89@example.com,Female,1977-02-20,Semarang,2025-07-10
90,Intan,Santoso,intan.santoso90@example.com,Female,2004-05-09,Yogyakarta,2025-09-19
91,Hadi,Permata,hadi.permata91@example.com,Female,1973-06-23,Bogor,2024-04-25
92,Intan,Nugraha,intan.nugraha92@example.com,Female,1994-03-25,Bandung,2023-10-11
93,Eka,Santoso,eka.santoso93@example.com,Female,2001-02-16,Depok,2024-03-14
94,Citra,Hidayat,citra.hidayat94@example.com,Female,1984-11-04,Yogyakarta,2025-08-12
95,Nanda,Pratama,nanda.pratama95@example.com,Male,1988-11-05,Surabaya,2023-02-10
96,Vina,Hidayat,vina.hidayat96@example.com,Female,1970-04-07,Tangerang,2024-09-03
97,Maya,Hidayat,maya.hidayat97@example.com,Male,1991-11-26,Bekasi,2024-07-12
98,Nanda,Kurniawan,nanda.kurniawan98@example.com,Male,1987-06-12,Tangerang,2025-04-08
99,Fajar,Kurniawan,fajar.kurniawan99@example.com,Male,1997-11-30,Yogyakarta,2023-02-25
100,Maya,Ramadhan,maya.ramadhan100@example.com,Male,1973-10-07,Surabaya,2023-10-05
101,Putri,Wijaya,putri.wijaya101@example.com,Male,1981-09-02,Surabaya,2024-11-01
102,Gita,Kurniawan,gita.kurniawan102@example.com,Female,1985-02-20,Surabaya,2024-07-23
103,Nanda,Permata,nanda.permata103@example.com,Male,1991-02-05,Jakarta,2023-04-17
104,Lukman,Santoso,lukman.santoso104@example.com,Male,2005-01-16,Jakarta,2023-03-05
105,Hadi,Santoso,hadi.santoso105@example.com,Male,1997-11-14,Depok,2024-05-03
106,Eka,Kurniawan,eka.kurniawan106@example.com,Male,1995-04-20,Bekasi,2025-08-10
107,Intan,Nugraha,intan.nugraha107@example.com,Male,1997-03-06,Medan,2023-08-23
108,Fajar,Permata,fajar.permata108@example.com,Male,1995-12-17,Jakarta,2024-09-30
109,Vina,Hidayat,vina.hidayat109@example.com,Female,2002-01-27,Bekasi,2023-06-05
110,Vina,Santoso,vina.santoso110@example.com,Male,2001-04-10,Bogor,2023-09-05
111,Vina,Pratama,vina.pratama111@example.com,Female,1993-11-24,Surabaya,2025-01-28
112,Citra,Lestari,citra.lestari112@example.com,Female,1970-07-27,Surabaya,2025-09-30
113,Dinda,Hidayat,dinda.hidayat113@example.com,Female,1998-07-06,Semarang,2023-11-10
114,Nanda,Wijaya,nanda.wijaya114@example.com,Female,1997-08-18,Yogyakarta,2025-09-17
115,Putri,Hidayat,putri.hidayat115@example.com,Female,1984-06-16,Bekasi,2023-06-27
116,Intan,Kurniawan,intan.kurniawan116@example.com,Male,2003-08-31,Semarang,2025-02-15
117,Karin,Pratama,karin.pratama117@example.com,Female,1984-07-31,Depok,2025-09-25
118,Gita,Nugraha,gita.nugraha118@example.com,Female,1985-04-08,Bogor,2024-07-19
119,Taufik,Pratama,taufik.pratama119@example.com,Male,1973-11-03,Bekasi,2025-04-12
120,Rizky,Lestari,rizky.lestari120@example.com,Male,2000-12-23,Semarang,2025-10-02
121,Putri,Pratama,putri.pratama121@example.com,Male,1983-03-14,Bekasi,2025-04-08
122,Hadi,Permata,hadi.permata122@example.com,Female,1991-03-25,Yogyakarta,2025-12-23
123,Lukman,Hidayat,lukman.hidayat123@example.com,Female,1985-10-13,Semarang,2024-07-08
124,Joko,Permata,joko.permata124@example.com,Male,1975-05-31,Bekasi,2024-10-08
125,Dinda,Lestari,dinda.lestari125@example.com,Male,1978-08-05,Bekasi,2025-09-18
126,Intan,Ramadhan,intan.ramadhan126@example.com,Female,1974-07-06,Bekasi,2024-08-29
127,Hadi,Nugraha,hadi.nugraha127@example.com,Male,1983-07-24,Jakarta,2025-12-29
128,Eka,Permata,eka.permata128@example.com,Male,1972-06-12,Yogyakarta,2024-08-21
129,Eka,Kurniawan,eka.kurniawan129@example.com,Male,1970-07-20,Medan,2024-08-05
130,Rizky,Kurniawan,rizky.kurniawan130@example.com,Female,1985-04-14,Depok,2023-04-16
131,Intan,Kurniawan,intan.kurniawan131@example.com,Male,1972-12-06,Surabaya,2025-10-04
132,Citra,Ramadhan,citra.ramadhan132@example.com,Male,1976-10-21,Depok,2024-09-14
133,Citra,Santoso,citra.santoso133@example.com,Male,1995-01-13,Surabaya,2024-04-07
134,Sari,Hidayat,sari.hidayat134@example.com,Female,1989-11-10,Bogor,2025-05-28
135,Joko,Ramadhan,joko.ramadhan135@example.com,Male,1997-05-07,Bandung,2024-03-01
136,Gita,Permata,gita.permata136@example.com,Male,1977-01-17,Bekasi,2023-12-22
137,Taufik,Saputra,taufik.saputra137@example.com,Male,1970-02-13,Surabaya,2025-07-11
138,Yusuf,Kurniawan,yusuf.kurniawan138@example.com,Female,1971-06-19,Bekasi,2024-08-13
139,Joko,Kurniawan,joko.kurniawan139@example.com,Male,2000-11-01,Bekasi,2024-06-25
140,Vina,Santoso,vina.santoso140@example.com,Female,1975-02-24,Yogyakarta,2024-04-05
141,Eka,Permata,eka.permata141@example.com,Male,1973-03-15,Jakarta,2023-12-06
142,Joko,Ramadhan,joko.ramadhan142@example.com,Female,1989-09-13,Bandung,2025-08-17
143,Joko,Hidayat,joko.hidayat143@example.com,Female,1992-06-13,Yogyakarta,2025-10-08
144,Putri,Saputra,putri.saputra144@example.com,Male,1989-05-19,Tangerang,2024-05-27
145,Andi,Saputra,andi.saputra145@example.com,Male,2000-03-31,Medan,2023-02-12
146,Intan,Ramadhan,intan.ramadhan146@example.com,Male,2004-03-25,Depok,2025-08-21
147,Sari,Kurniawan,sari.kurniawan147@example.com,Female,1978-02-21,Medan,2025-06-11
148,Rizky,Saputra,rizky.saputra148@example.com,Female,1985-08-10,Surabaya,2024-11-13
149,Karin,Saputra,karin.saputra149@example.com,Male,1984-10-17,Surabaya,2025-10-11
150,Joko,Hidayat,joko.hidayat150@example.com,Male,1990-05-27,Bandung,2024-10-06
151,Intan,Nugraha,intan.nugraha151@example.com,Male,2004-08-27,Surabaya,2025-11-19
152,Andi,Lestari,andi.lestari152@example.com,Female,1988-07-15,Jakarta,2024-01-20
153,Sari,Nugraha,sari.nugraha153@example.com,Female,1998-01-20,Semarang,2023-04-16
154,Gita,Permata,gita.permata154@example.com,Male,1982-12-03,Semarang,2025-09-19
155,Dinda,Pratama,dinda.pratama155@example.com,Male,2001-11-03,Depok,2024-09-28
156,Taufik,Pratama,taufik.pratama156@example.com,Female,1974-03-08,Bekasi,2023-08-21
157,Putri,Saputra,putri.saputra157@example.com,Male,1992-05-10,Bogor,2025-11-08
158,Intan,Hidayat,intan.hidayat158@example.com,Female,1991-03-08,Bekasi,2025-07-24
159,Taufik,Wijaya,taufik.wijaya159@example.com,Female,1978-07-20,Medan,2025-11-06
160,Eka,Saputra,eka.saputra160@example.com,Female,2004-08-29,Surabaya,2024-11-27
161,Sari,Permata,sari.permata161@example.com,Male,1982-09-09,Bogor,2025-09-29
162,Eka,Kurniawan,eka.kurniawan162@example.com,Female,1985-06-25,Tangerang,2025-02-11
163,Putri,Nugraha,putri.nugraha163@example.com,Male,2001-04-15,Bekasi,2025-02-23
164,Hadi,Hidayat,hadi.hidayat164@example.com,Male,1984-04-10,Semarang,2025-02-19
165,Maya,Wijaya,maya.wijaya165@example.com,Female,1971-08-30,Depok,2025-10-25
166,Vina,Nugraha,vina.nugraha166@example.com,Male,1989-10-01,Bandung,2025-12-13
167,Putri,Pratama,putri.pratama167@example.com,Male,1988-05-23,Depok,2023-06-03
168,Rizky,Permata,rizky.permata168@example.com,Female,1997-12-16,Surabaya,2023-06-14
169,Karin,Lestari,karin.lestari169@example.com,Female,1984-03-16,Semarang,2023-03-15
170,Yusuf,Saputra,yusuf.saputra170@example.com,Male,1998-04-24,Bogor,2024-04-10
171,Citra,Hidayat,citra.hidayat171@example.com,Male,2004-02-09,Bandung,2025-06-27
172,Fajar,Permata,fajar.permata172@example.com,Male,1972-01-24,Tangerang,2023-04-25
173,Joko,Nugraha,joko.nugraha173@example.com,Female,1989-04-27,Depok,2024-05-15
174,Sari,Hidayat,sari.hidayat174@example.com,Male,1977-08-17,Depok,2023-06-11
175,Yusuf,Hidayat,yusuf.hidayat175@example.com,Male,1992-04-28,Medan,2023-10-21
176,Hadi,Kurniawan,hadi.kurniawan176@example.com,Female,1990-08-13,Bogor,2023-01-20
177,Putri,Permata,putri.permata177@example.com,Male,1973-04-25,Semarang,2024-12-08
178,Vina,Permata,vina.permata178@example.com,Female,2000-12-19,Bogor,2025-07-24
179,Joko,Santoso,joko.santoso179@example.com,Female,1991-09-04,Bandung,2024-04-30
180,Maya,Ramadhan,maya.ramadhan180@example.com,Female,1995-10-14,Bogor,2024-08-27
181,Andi,Hidayat,andi.hidayat181@example.com,Female,1970-05-13,Medan,2023-04-11
182,Yusuf,Kurniawan,yusuf.kurniawan182@example.com,Female,2004-10-18,Bekasi,2024-12-22
183,Hadi,Santoso,hadi.santoso183@example.com,Female,2000-05-27,Depok,2023-07-18
184,Budi,Permata,budi.permata184@example.com,Female,1971-07-01,Medan,2025-01-17
185,Eka,Saputra,eka.saputra185@example.com,Female,1984-08-27,Surabaya,2023-12-26
186,Gita,Wijaya,gita.wijaya186@example.com,Female,1993-10-24,Yogyakarta,2024-07-12
187,Fajar,Permata,fajar.permata187@example.com,Female,1983-03-29,Tangerang,2023-08-24
188,Putri,Saputra,putri.saputra188@example.com,Male,2003-10-31,Bekasi,2025-03-24
189,Taufik,Nugraha,taufik.nugraha189@example.com,Male,2005-06-20,Surabaya,2023-01-29
190,Intan,Lestari,intan.lestari190@example.com,Male,1990-05-27,Tangerang,2024-06-20
191,Vina,Hidayat,vina.hidayat191@example.com,Female,1974-11-11,Bekasi,2025-08-23
192,Andi,Ramadhan,andi.ramadhan192@example.com,Female,1997-05-14,Bekasi,2023-05-10
193,Putri,Permata,putri.permata193@example.com,Female,1975-03-27,Depok,2023-04-03
194,Budi,Permata,budi.permata194@example.com,Female,1975-03-18,Bandung,2024-04-25
195,Taufik,Wijaya,taufik.wijaya195@example.com,Female,1990-05-08,Tangerang,2025-05-08
196,Vina,Wijaya,vina.wijaya196@example.com,Female,1999-05-19,Bandung,2025-09-29
197,Yusuf,Hidayat,yusuf.hidayat197@example.com,Female,1971-06-21,Tangerang,2024-03-20
198,Putri,Kurniawan,putri.kurniawan198@example.com,Male,1986-04-09,Bandung,2025-01-22
199,Taufik,Nugraha,taufik.nugraha199@example.com,Male,1987-11-11,Bogor,2024-01-24
200,Dinda,Kurniawan,dinda.kurniawan200@example.com,Male,1999-09-24,Bekasi,2023-02-13
201,Budi,Nugraha,budi.nugraha201@example.com,Male,1975-08-26,Medan,2024-02-25
202,Citra,Lestari,citra.lestari202@example.com,Male,1996-04-21,Bekasi,2024-04-22
203,Karin,Wijaya,karin.wijaya203@example.com,Male,1982-06-09,Depok,2023-09-24
204,Taufik,Permata,taufik.permata204@example.com,Male,1974-12-07,Jakarta,2023-09-27
205,Andi,Nugraha,andi.nugraha205@example.com,Male,1996-05-31,Tangerang,2023-02-02
206,Fajar,Permata,fajar.permata206@example.com,Male,1975-09-08,Surabaya,2025-12-13
207,Dinda,Saputra,dinda.saputra207@example.com,Female,1990-02-09,Tangerang,2025-11-17
208,Vina,Saputra,vina.saputra208@example.com,Female,1992-08-07,Bekasi,2023-03-30
209,Sari,Permata,sari.permata209@example.com,Female,1998-11-10,Jakarta,2023-05-05
210,Rizky,Hidayat,rizky.hidayat210@example.com,Female,2000-10-11,Bandung,2025-10-01
211,Putri,Saputra,putri.saputra211@example.com,Male,1984-06-13,Medan,2023-10-31
212,Citra,Wijaya,citra.wijaya212@example.com,Female,1998-01-02,Medan,2024-10-27
213,Maya,Ramadhan,maya.ramadhan213@example.com,Female,1990-05-09,Yogyakarta,2025-05-31
214,Dinda,Saputra,dinda.saputra214@example.com,Male,1989-04-17,Semarang,2024-04-12
215,Nanda,Nugraha,nanda.nugraha215@example.com,Female,1987-11-20,Surabaya,2023-07-14
216,Karin,Hidayat,karin.hidayat216@example.com,Female,1999-11-02,Bogor,2025-02-05
217,Eka,Kurniawan,eka.kurniawan217@example.com,Male,1974-02-03,Bandung,2023-07-10
218,Nanda,Saputra,nanda.saputra218@example.com,Female,1975-11-02,Yogyakarta,2023-05-03
219,Vina,Lestari,vina.lestari219@example.com,Female,2000-01-21,Bandung,2025-04-21
220,Lukman,Hidayat,lukman.hidayat220@example.com,Male,1982-11-26,Medan,2024-10-01
221,Lukman,Saputra,lukman.saputra221@example.com,Male,1976-12-10,Semarang,2024-04-04
222,Dinda,Nugraha,dinda.nugraha222@example.com,Female,1975-02-26,Bogor,2024-04-08
223,Nanda,Lestari,nanda.lestari223@example.com,Male,1997-04-26,Bogor,2023-03-01
224,Fajar,Permata,fajar.permata224@example.com,Female,1985-03-30,Tangerang,2023-01-13
225,Fajar,Wijaya,fajar.wijaya225@example.com,Female,1973-02-14,Depok,2023-03-04
226,Citra,Lestari,citra.lestari226@example.com,Male,1986-11-16,Surabaya,2025-07-18
227,Karin,Wijaya,karin.wijaya227@example.com,Female,1983-12-24,Tangerang,2023-06-23
228,Budi,Wijaya,budi.wijaya228@example.com,Male,2003-11-04,Medan,2023-04-12
229,Citra,Permata,citra.permata229@example.com,Female,1999-09-11,Surabaya,2025-09-21
230,Yusuf,Kurniawan,yusuf.kurniawan230@example.com,Female,1982-04-03,Bekasi,2025-11-15
231,Dinda,Nugraha,dinda.nugraha231@example.com,Female,1974-12-22,Bogor,2025-09-23
232,Sari,Permata,sari.permata232@example.com,Male,1979-11-22,Surabaya,2023-04-23
233,Andi,Santoso,andi.santoso233@example.com,Female,1979-06-23,Depok,2024-06-07
234,Joko,Nugraha,joko.nugraha234@example.com,Male,1970-05-07,Semarang,2025-05-31
235,Fajar,Wijaya,fajar.wijaya235@example.com,Female,1993-11-21,Bekasi,2025-10-21
236,Taufik,Nugraha,taufik.nugraha236@example.com,Male,1987-10-24,Jakarta,2025-06-12
237,Andi,Kurniawan,andi.kurniawan237@example.com,Male,1984-01-17,Medan,2025-05-29
238,Vina,Hidayat,vina.hidayat238@example.com,Female,1982-12-27,Bandung,2025-04-09
239,Andi,Nugraha,andi.nugraha239@example.com,Male,2005-12-11,Medan,2025-07-31
240,Lukman,Saputra,lukman.saputra240@example.com,Female,1974-10-01,Bekasi,2025-06-11
241,Vina,Hidayat,vina.hidayat241@example.com,Male,1987-10-03,Bogor,2024-11-26
242,Hadi,Nugraha,hadi.nugraha242@example.com,Male,1973-06-05,Yogyakarta,2023-08-22
243,Sari,Lestari,sari.lestari243@example.com,Male,2004-10-26,Tangerang,2024-12-20
244,Eka,Santoso,eka.santoso244@example.com,Male,1976-07-27,Bogor,2024-02-09
245,Fajar,Ramadhan,fajar.ramadhan245@example.com,Male,2004-02-07,Bandung,2023-12-29
246,Rizky,Kurniawan,rizky.kurniawan246@example.com,Female,2000-07-21,Medan,2024-10-23
247,Karin,Wijaya,karin.wijaya247@example.com,Female,1973-01-23,Semarang,2025-06-24
248,Joko,Permata,joko.permata248@example.com,Male,1985-10-15,Yogyakarta,2023-06-01
249,Joko,Kurniawan,joko.kurniawan249@example.com,Female,1971-09-09,Jakarta,2025-01-25
250,Joko,Saputra,joko.saputra250@example.com,Male,1997-08-03,Medan,2025-11-04
251,Maya,Kurniawan,maya.kurniawan251@example.com,Male,1990-03-05,Medan,2024-01-21
252,Karin,Ramadhan,karin.ramadhan252@example.com,Female,1992-06-28,Depok,2023-05-07
253,Putri,Saputra,putri.saputra253@example.com,Female,2002-01-16,Bandung,2025-10-30
254,Fajar,Pratama,fajar.pratama254@example.com,Male,2001-09-28,Semarang,2025-06-18
255,Sari,Lestari,sari.lestari255@example.com,Male,1986-04-29,Tangerang,2024-08-02
256,Maya,Hidayat,maya.hidayat256@example.com,Female,2000-06-15,Medan,2023-04-18
257,Karin,Saputra,karin.saputra257@example.com,Female,1974-03-29,Yogyakarta,2025-03-02
258,Joko,Permata,joko.permata258@example.com,Male,1984-12-14,Bandung,2023-10-17
259,Lukman,Permata,lukman.permata259@example.com,Female,1975-10-14,Medan,2023-06-23
260,Joko,Lestari,joko.lestari260@example.com,Female,1998-11-12,Tangerang,2023-09-19
261,Sari,Saputra,sari.saputra261@example.com,Female,1992-10-23,Tangerang,2023-02-07
262,Lukman,Permata,lukman.permata262@example.com,Male,1979-08-11,Tangerang,2025-09-22
263,Gita,Santoso,gita.santoso263@example.com,Male,1976-12-13,Bandung,2024-08-28
264,Dinda,Lestari,dinda.lestari264@example.com,Male,1999-09-11,Tangerang,2023-09-26
265,Yusuf,Hidayat,yusuf.hidayat265@example.com,Male,1977-04-12,Depok,2023-12-06
266,Putri,Pratama,putri.pratama266@example.com,Female,1986-05-05,Bekasi,2025-06-28
267,Yusuf,Permata,yusuf.permata267@example.com,Female,1980-06-30,Yogyakarta,2024-05-04
268,Joko,Kurniawan,joko.kurniawan268@example.com,Male,1986-07-02,Medan,2025-06-21
269,Putri,Permata,putri.permata269@example.com,Female,1992-07-23,Yogyakarta,2025-05-07
270,Fajar,Santoso,fajar.santoso270@example.com,Male,1981-03-20,Jakarta,2025-09-11
271,Lukman,Lestari,lukman.lestari271@example.com,Male,2001-11-29,Yogyakarta,2023-09-13
272,Joko,Saputra,joko.saputra272@example.com,Male,1982-03-28,Semarang,2025-11-17
273,Eka,Hidayat,eka.hidayat273@example.com,Male,1979-12-17,Semarang,2024-12-16
274,Andi,Hidayat,andi.hidayat274@example.com,Male,1987-10-14,Yogyakarta,2025-02-04
275,Hadi,Hidayat,hadi.hidayat275@example.com,Male,1986-10-26,Bekasi,2023-02-27
276,Karin,Saputra,karin.saputra276@example.com,Female,2005-07-01,Depok,2023-10-09
277,Budi,Permata,budi.permata277@example.com,Female,2001-03-23,Depok,2025-08-18
278,Putri,Ramadhan,putri.ramadhan278@example.com,Male,1973-07-22,Jakarta,2024-06-08
279,Gita,Wijaya,gita.wijaya279@example.com,Female,1974-12-27,Bogor,2024-05-01
280,Joko,Saputra,joko.saputra280@example.com,Male,1980-09-11,Surabaya,2025-07-25
281,Citra,Saputra,citra.saputra281@example.com,Female,1996-10-07,Yogyakarta,2023-02-03
282,Sari,Ramadhan,sari.ramadhan282@example.com,Male,2002-03-26,Depok,2024-08-19
283,Nanda,Pratama,nanda.pratama283@example.com,Female,1980-10-16,Medan,2025-05-03
284,Fajar,Saputra,fajar.saputra284@example.com,Female,1973-01-13,Yogyakarta,2025-11-05
285,Sari,Lestari,sari.lestari285@example.com,Male,1987-07-08,Semarang,2023-03-31
286,Maya,Nugraha,maya.nugraha286@example.com,Female,2003-07-11,Jakarta,2025-01-01
287,Citra,Nugraha,citra.nugraha287@example.com,Male,2002-11-17,Bandung,2024-11-11
288,Eka,Pratama,eka.pratama288@example.com,Female,1994-06-29,Tangerang,2023-12-25
289,Putri,Kurniawan,putri.kurniawan289@example.com,Male,1976-01-19,Bandung,2025-07-26
290,Budi,Permata,budi.permata290@example.com,Male,1971-12-19,Bekasi,2023-03-27
291,Karin,Permata,karin.permata291@example.com,Female,1994-05-12,Semarang,2024-06-02
292,Budi,Santoso,budi.santoso292@example.com,Female,1986-01-05,Jakarta,2024-11-10
293,Intan,Saputra,intan.saputra293@example.com,Female,1989-08-08,Surabaya,2025-06-19
294,Maya,Nugraha,maya.nugraha294@example.com,Male,1992-04-04,Semarang,2025-01-22
295,Sari,Permata,sari.permata295@example.com,Male,2002-08-13,Surabaya,2023-06-11
296,Nanda,Ramadhan,nanda.ramadhan296@example.com,Male,1994-06-21,Bogor,2024-10-19
297,Dinda,Saputra,dinda.saputra297@example.com,Female,1999-08-25,Bogor,2024-09-19
298,Putri,Ramadhan,putri.ramadhan298@example.com,Female,1977-06-23,Semarang,2024-12-20
299,Putri,Pratama,putri.pratama299@example.com,Female,1997-07-31,Surabaya,2024-07-16
300,Budi,Saputra,budi.saputra300@example.com,Female,1986-04-19,Yogyakarta,2023-11-24
301,Andi,Wijaya,andi.wijaya301@example.com,Female,1971-07-25,Depok,2023-05-18
302,Hadi,Nugraha,hadi.nugraha302@example.com,Female,1987-03-05,Medan,2023-03-08
303,Yusuf,Wijaya,yusuf.wijaya303@example.com,Female,1986-08-22,Tangerang,2025-06-28
304,Citra,Ramadhan,citra.ramadhan304@example.com,Male,1993-10-01,Tangerang,2025-03-26
305,Karin,Permata,karin.permata305@example.com,Male,1975-02-02,Jakarta,2024-01-17
306,Rizky,Lestari,rizky.lestari306@example.com,Female,1995-03-13,Bandung,2024-06-20
307,Intan,Kurniawan,intan.kurniawan307@example.com,Male,1997-06-12,Bogor,2025-10-02
308,Gita,Saputra,gita.saputra308@example.com,Male,1973-04-28,Semarang,2023-12-20
309,Putri,Saputra,putri.saputra309@example.com,Female,1999-12-16,Tangerang,2023-05-13
310,Taufik,Lestari,taufik.lestari310@example.com,Female,1983-06-16,Depok,2023-12-23
311,Lukman,Lestari,lukman.lestari311@example.com,Male,1975-06-12,Bekasi,2023-10-12
312,Hadi,Kurniawan,hadi.kurniawan312@example.com,Male,1986-03-10,Yogyakarta,2025-01-25
313,Putri,Lestari,putri.lestari313@example.com,Male,1997-06-14,Bandung,2023-05-15
314,Joko,Hidayat,joko.hidayat314@example.com,Female,1993-07-31,Surabaya,2025-04-18
315,Vina,Saputra,vina.saputra315@example.com,Male,1984-03-22,Bandung,2025-07-10
316,Putri,Lestari,putri.lestari316@example.com,Female,1975-10-04,Yogyakarta,2024-01-08
317,Eka,Hidayat,eka.hidayat317@example.com,Male,1975-07-28,Yogyakarta,2023-11-10
318,Joko,Wijaya,joko.wijaya318@example.com,Male,1984-06-22,Bekasi,2024-12-09
319,Sari,Permata,sari.permata319@example.com,Male,1981-03-29,Bekasi,2024-07-16
320,Eka,Permata,eka.permata320@example.com,Male,1992-07-18,Depok,2023-11-12
321,Fajar,Ramadhan,fajar.ramadhan321@example.com,Female,1995-04-14,Jakarta,2023-02-28
322,Citra,Pratama,citra.pratama322@example.com,Female,1999-03-18,Bekasi,2025-05-03
323,Yusuf,Pratama,yusuf.pratama323@example.com,Female,1998-02-18,Yogyakarta,2024-08-16
324,Joko,Kurniawan,joko.kurniawan324@example.com,Male,2000-09-22,Surabaya,2024-09-01
325,Putri,Saputra,putri.saputra325@example.com,Male,1977-02-02,Semarang,2025-05-01
326,Rizky,Kurniawan,rizky.kurniawan326@example.com,Male,1985-04-05,Medan,2023-10-22
327,Karin,Nugraha,karin.nugraha327@example.com,Female,1987-11-20,Depok,2025-01-28
328,Sari,Lestari,sari.lestari328@example.com,Male,1984-04-25,Bekasi,2025-08-13
329,Dinda,Permata,dinda.permata329@example.com,Female,1981-02-13,Depok,2023-07-18
330,Budi,Permata,budi.permata330@example.com,Female,1997-08-09,Surabaya,2024-05-23
331,Fajar,Nugraha,fajar.nugraha331@example.com,Female,1978-07-08,Depok,2025-10-17
332,Sari,Kurniawan,sari.kurniawan332@example.com,Female,1983-11-04,Semarang,2023-02-17
333,Citra,Hidayat,citra.hidayat333@example.com,Female,1980-10-19,Bekasi,2024-12-23
334,Budi,Pratama,budi.pratama334@example.com,Female,1992-03-14,Medan,2025-08-21
335,Joko,Lestari,joko.lestari335@example.com,Male,1974-10-28,Surabaya,2023-10-02
336,Intan,Nugraha,intan.nugraha336@example.com,Female,1986-06-01,Jakarta,2025-03-31
337,Budi,Ramadhan,budi.ramadhan337@example.com,Male,1986-04-06,Yogyakarta,2024-08-14
338,Citra,Hidayat,citra.hidayat338@example.com,Female,2004-04-15,Yogyakarta,2024-07-26
339,Yusuf,Ramadhan,yusuf.ramadhan339@example.com,Male,1975-10-10,Bandung,2025-03-17
340,Lukman,Nugraha,lukman.nugraha340@example.com,Female,2003-11-13,Depok,2024-02-12
341,Yusuf,Lestari,yusuf.lestari341@example.com,Female,1992-06-07,Jakarta,2023-04-03
342,Budi,Wijaya,budi.wijaya342@example.com,Female,1991-04-02,Yogyakarta,2025-07-24
343,Eka,Ramadhan,eka.ramadhan343@example.com,Male,1984-09-17,Medan,2024-10-14
344,Fajar,Hidayat,fajar.hidayat344@example.com,Female,1996-08-19,Tangerang,2025-11-04
345,Sari,Lestari,sari.lestari345@example.com,Female,2001-10-16,Medan,2024-09-05
346,Rizky,Pratama,rizky.pratama346@example.com,Female,1984-11-10,Bandung,2025-05-03
347,Vina,Permata,vina.permata347@example.com,Male,1996-10-10,Semarang,2024-06-27
348,Vina,Ramadhan,vina.ramadhan348@example.com,Male,2002-05-12,Jakarta,2025-09-10
349,Fajar,Lestari,fajar.lestari349@example.com,Female,1976-08-18,Bekasi,2023-03-06
350,Vina,Saputra,vina.saputra350@example.com,Male,1970-11-07,Semarang,2024-10-04
351,Nanda,Wijaya,nanda.wijaya351@example.com,Female,2000-12-22,Bekasi,2025-04-20
352,Sari,Ramadhan,sari.ramadhan352@example.com,Female,2003-01-03,Jakarta,2023-10-10
353,Sari,Santoso,sari.santoso353@example.com,Female,1999-09-15,Semarang,2025-12-12
354,Maya,Nugraha,maya.nugraha354@example.com,Male,1990-08-15,Yogyakarta,2024-12-02
355,Taufik,Nugraha,taufik.nugraha355@example.com,Female,1997-05-14,Semarang,2024-01-29
356,Hadi,Permata,hadi.permata356@example.com,Female,1980-02-02,Bogor,2024-08-14
357,Gita,Kurniawan,gita.kurniawan357@example.com,Female,1991-07-11,Tangerang,2024-07-14
358,Joko,Saputra,joko.saputra358@example.com,Female,1987-09-13,Tangerang,2023-10-27
359,Joko,Pratama,joko.pratama359@example.com,Female,2002-01-13,Bandung,2024-12-10
360,Putri,Permata,putri.permata360@example.com,Female,1979-08-07,Bekasi,2024-07-09
361,Taufik,Permata,taufik.permata361@example.com,Male,1974-11-25,Medan,2024-05-05
362,Hadi,Pratama,hadi.pratama362@example.com,Male,1998-08-14,Bekasi,2023-04-18
363,Dinda,Hidayat,dinda.hidayat363@example.com,Female,2002-03-07,Semarang,2023-07-25
364,Eka,Pratama,eka.pratama364@example.com,Male,1988-04-02,Semarang,2025-09-04
365,Gita,Permata,gita.permata365@example.com,Female,1982-10-21,Jakarta,2023-07-03
366,Vina,Santoso,vina.santoso366@example.com,Male,1977-11-08,Surabaya,2023-12-27
367,Budi,Hidayat,budi.hidayat367@example.com,Female,1978-05-11,Bogor,2023-03-18
368,Andi,Permata,andi.permata368@example.com,Male,1985-01-11,Bogor,2025-07-19
369,Taufik,Lestari,taufik.lestari369@example.com,Female,1976-01-08,Yogyakarta,2025-08-16
370,Intan,Santoso,intan.santoso370@example.com,Male,1984-10-31,Depok,2025-07-28
371,Intan,Wijaya,intan.wijaya371@example.com,Male,2003-01-16,Tangerang,2024-08-27
372,Vina,Santoso,vina.santoso372@example.com,Male,1997-05-28,Surabaya,2025-05-25
373,Sari,Nugraha,sari.nugraha373@example.com,Male,1987-12-25,Bandung,2024-01-14
374,Eka,Kurniawan,eka.kurniawan374@example.com,Female,1981-02-16,Jakarta,2024-06-18
375,Maya,Santoso,maya.santoso375@example.com,Female,2003-10-24,Bogor,2024-11-06
376,Joko,Ramadhan,joko.ramadhan376@example.com,Male,1981-09-25,Tangerang,2024-04-28
377,Budi,Saputra,budi.saputra377@example.com,Female,1983-10-06,Depok,2025-04-10
378,Sari,Permata,sari.permata378@example.com,Male,1998-08-26,Bogor,2025-01-22
379,Yusuf,Santoso,yusuf.santoso379@example.com,Male,1975-12-29,Semarang,2023-11-10
380,Putri,Ramadhan,putri.ramadhan380@example.com,Female,1988-08-27,Yogyakarta,2025-08-22
381,Taufik,Santoso,taufik.santoso381@example.com,Male,2000-07-08,Medan,2023-06-17
382,Sari,Kurniawan,sari.kurniawan382@example.com,Female,1973-07-03,Medan,2023-08-18
383,Budi,Lestari,budi.lestari383@example.com,Male,1995-09-10,Yogyakarta,2023-11-03
384,Fajar,Nugraha,fajar.nugraha384@example.com,Female,1975-03-20,Bekasi,2025-09-28
385,Citra,Lestari,citra.lestari385@example.com,Female,1972-06-30,Semarang,2023-09-28
386,Sari,Hidayat,sari.hidayat386@example.com,Female,1995-04-19,Jakarta,2025-08-04
387,Joko,Pratama,joko.pratama387@example.com,Female,1981-06-01,Jakarta,2024-03-22
388,Vina,Saputra,vina.saputra388@example.com,Male,1989-01-02,Tangerang,2023-05-11
389,Taufik,Pratama,taufik.pratama389@example.com,Male,1991-03-06,Jakarta,2024-08-10
390,Nanda,Wijaya,nanda.wijaya390@example.com,Male,2004-05-09,Surabaya,2025-02-05
391,Maya,Kurniawan,maya.kurniawan391@example.com,Female,1986-11-07,Bandung,2023-09-30
392,Lukman,Saputra,lukman.saputra392@example.com,Male,1994-02-06,Surabaya,2025-12-19
393,Eka,Santoso,eka.santoso393@example.com,Male,2003-12-03,Jakarta,2024-09-03
394,Putri,Lestari,putri.lestari394@example.com,Female,1993-11-11,Surabaya,2024-04-15
395,Hadi,Kurniawan,hadi.kurniawan395@example.com,Female,1976-12-16,Bogor,2024-01-22
396,Dinda,Pratama,dinda.pratama396@example.com,Female,1997-08-01,Jakarta,2024-05-07
397,Gita,Saputra,gita.saputra397@example.com,Male,1996-08-23,Jakarta,2025-07-03
398,Yusuf,Pratama,yusuf.pratama398@example.com,Male,2003-03-22,Jakarta,2025-04-03
399,Putri,Santoso,putri.santoso399@example.com,Male,2003-11-03,Jakarta,2023-10-14
400,Sari,Permata,sari.permata400@example.com,Male,2002-10-25,Medan,2024-10-15
401,Vina,Ramadhan,vina.ramadhan401@example.com,Female,1980-08-17,Bogor,2023-10-21
402,Sari,Santoso,sari.santoso402@example.com,Female,1983-06-25,Bogor,2023-05-05
403,Taufik,Ramadhan,taufik.ramadhan403@example.com,Male,1998-01-30,Surabaya,2025-10-12
404,Budi,Nugraha,budi.nugraha404@example.com,Female,2005-04-01,Yogyakarta,2024-10-14
405,Nanda,Hidayat,nanda.hidayat405@example.com,Male,1983-06-15,Surabaya,2024-01-12
406,Taufik,Kurniawan,taufik.kurniawan406@example.com,Male,1980-02-10,Bogor,2023-10-23
407,Putri,Pratama,putri.pratama407@example.com,Female,1988-09-07,Yogyakarta,2025-12-21
408,Eka,Hidayat,eka.hidayat408@example.com,Male,1981-06-09,Bekasi,2024-11-07
409,Citra,Kurniawan,citra.kurniawan409@example.com,Female,1974-02-23,Yogyakarta,2024-01-26
410,Budi,Permata,budi.permata410@example.com,Female,2000-03-21,Medan,2023-03-22
411,Citra,Santoso,citra.santoso411@example.com,Male,1991-07-04,Bekasi,2024-11-12
412,Joko,Pratama,joko.pratama412@example.com,Male,1978-07-11,Bandung,2025-09-07
413,Hadi,Ramadhan,hadi.ramadhan413@example.com,Male,1987-10-17,Bekasi,2024-10-20
414,Joko,Hidayat,joko.hidayat414@example.com,Female,1993-12-09,Tangerang,2024-09-23
415,Intan,Nugraha,intan.nugraha415@example.com,Female,1990-11-27,Bandung,2025-08-19
416,Karin,Santoso,karin.santoso416@example.com,Female,1984-01-14,Surabaya,2023-04-04
417,Vina,Santoso,vina.santoso417@example.com,Male,1970-09-23,Bogor,2025-05-05
418,Joko,Wijaya,joko.wijaya418@example.com,Male,1984-10-18,Bekasi,2025-02-16
419,Vina,Santoso,vina.santoso419@example.com,Female,1994-09-13,Tangerang,2024-06-11
420,Rizky,Kurniawan,rizky.kurniawan420@example.com,Female,1977-07-19,Tangerang,2023-12-13
421,Eka,Lestari,eka.lestari421@example.com,Female,1978-04-04,Yogyakarta,2023-05-01
422,Sari,Pratama,sari.pratama422@example.com,Male,1999-12-23,Jakarta,2023-01-14
423,Nanda,Wijaya,nanda.wijaya423@example.com,Male,1973-01-18,Depok,2023-01-19
424,Gita,Lestari,gita.lestari424@example.com,Female,1986-09-28,Jakarta,2025-09-16
425,Rizky,Pratama,rizky.pratama425@example.com,Male,1993-11-15,Yogyakarta,2025-04-22
426,Andi,Pratama,andi.pratama426@example.com,Female,1994-01-12,Bogor,2023-02-05
427,Sari,Hidayat,sari.hidayat427@example.com,Male,1974-10-20,Bandung,2025-12-09
428,Eka,Santoso,eka.santoso428@example.com,Male,1997-10-20,Yogyakarta,2024-05-31
429,Lukman,Permata,lukman.permata429@example.com,Female,1973-07-18,Tangerang,2025-04-11
430,Putri,Ramadhan,putri.ramadhan430@example.com,Male,2001-04-11,Bekasi,2024-09-06
431,Citra,Pratama,citra.pratama431@example.com,Male,1988-03-07,Surabaya,2025-02-11
432,Taufik,Kurniawan,taufik.kurniawan432@example.com,Male,1998-07-25,Jakarta,2023-12-17
433,Citra,Kurniawan,citra.kurniawan433@example.com,Female,1998-12-06,Tangerang,2023-07-15
434,Sari,Pratama,sari.pratama434@example.com,Male,1979-06-26,Medan,2025-08-31
435,Intan,Pratama,intan.pratama435@example.com,Male,2000-09-13,Bogor,2023-03-09
436,Fajar,Nugraha,fajar.nugraha436@example.com,Male,1979-04-18,Medan,2023-10-23
437,Maya,Saputra,maya.saputra437@example.com,Female,1977-04-15,Medan,2024-05-07
438,Vina,Hidayat,vina.hidayat438@example.com,Female,1987-03-21,Depok,2023-06-10
439,Sari,Nugraha,sari.nugraha439@example.com,Male,1974-05-20,Surabaya,2024-04-20
440,Citra,Nugraha,citra.nugraha440@example.com,Female,2004-09-12,Tangerang,2023-03-02
441,Intan,Kurniawan,intan.kurniawan441@example.com,Female,1980-03-26,Tangerang,2025-02-07
442,Nanda,Wijaya,nanda.wijaya442@example.com,Female,1973-11-05,Medan,2024-08-27
443,Hadi,Saputra,hadi.saputra443@example.com,Male,1982-01-08,Depok,2025-02-17
444,Eka,Hidayat,eka.hidayat444@example.com,Female,1986-03-07,Bandung,2023-07-07
445,Andi,Permata,andi.permata445@example.com,Female,1986-02-22,Bogor,2023-07-29
446,Eka,Saputra,eka.saputra446@example.com,Male,1989-05-02,Semarang,2025-11-15
447,Nanda,Saputra,nanda.saputra447@example.com,Male,1974-01-08,Tangerang,2023-07-10
448,Yusuf,Ramadhan,yusuf.ramadhan448@example.com,Female,1987-04-13,Jakarta,2024-08-20
449,Nanda,Hidayat,nanda.hidayat449@example.com,Male,2002-07-07,Yogyakarta,2024-05-12
450,Vina,Lestari,vina.lestari450@example.com,Male,2000-09-28,Surabaya,2023-12-14
451,Eka,Permata,eka.permata451@example.com,Female,1982-01-15,Semarang,2023-10-26
452,Citra,Wijaya,citra.wijaya452@example.com,Female,1982-05-19,Surabaya,2024-09-05
453,Rizky,Saputra,rizky.saputra453@example.com,Female,1981-04-16,Bekasi,2025-10-12
454,Yusuf,Ramadhan,yusuf.ramadhan454@example.com,Male,1990-07-16,Bandung,2023-10-05
455,Joko,Pratama,joko.pratama455@example.com,Female,1984-11-26,Medan,2025-02-17
456,Karin,Kurniawan,karin.kurniawan456@example.com,Female,1989-04-26,Medan,2023-10-06
457,Joko,Nugraha,joko.nugraha457@example.com,Male,1991-06-28,Tangerang,2023-12-30
458,Maya,Nugraha,maya.nugraha458@example.com,Female,2002-12-19,Semarang,2024-05-11
459,Karin,Hidayat,karin.hidayat459@example.com,Female,2005-04-02,Surabaya,2025-01-17
460,Dinda,Ramadhan,dinda.ramadhan460@example.com,Male,1996-07-26,Yogyakarta,2024-01-04
461,Taufik,Pratama,taufik.pratama461@example.com,Female,2001-10-10,Bekasi,2025-06-16
462,Joko,Saputra,joko.saputra462@example.com,Female,2000-03-10,Semarang,2023-10-13
463,Joko,Santoso,joko.santoso463@example.com,Female,1999-07-19,Depok,2025-05-16
464,Maya,Saputra,maya.saputra464@example.com,Female,1996-10-27,Semarang,2025-03-31
465,Taufik,Lestari,taufik.lestari465@example.com,Female,1994-05-22,Jakarta,2025-01-06
466,Taufik,Ramadhan,taufik.ramadhan466@example.com,Male,1974-11-27,Bekasi,2024-12-28
467,Fajar,Ramadhan,fajar.ramadhan467@example.com,Male,1995-04-07,Surabaya,2024-11-10
468,Nanda,Saputra,nanda.saputra468@example.com,Male,1974-06-04,Bogor,2024-03-30
469,Sari,Lestari,sari.lestari469@example.com,Male,1989-12-30,Tangerang,2025-03-12
470,Putri,Ramadhan,putri.ramadhan470@example.com,Male,1985-06-22,Jakarta,2025-09-15
471,Dinda,Permata,dinda.permata471@example.com,Female,1973-11-07,Bandung,2023-10-18
472,Lukman,Permata,lukman.permata472@example.com,Female,1990-06-05,Bekasi,2025-12-03
473,Rizky,Nugraha,rizky.nugraha473@example.com,Female,1974-05-19,Semarang,2025-07-15
474,Karin,Saputra,karin.saputra474@example.com,Female,1972-01-03,Bandung,2023-02-16
475,Karin,Saputra,karin.saputra475@example.com,Male,2003-03-21,Bekasi,2025-11-22
476,Fajar,Lestari,fajar.lestari476@example.com,Male,1984-11-05,Yogyakarta,2025-05-23
477,Putri,Santoso,putri.santoso477@example.com,Female,1998-04-01,Depok,2024-01-17
478,Nanda,Hidayat,nanda.hidayat478@example.com,Male,2003-01-29,Medan,2024-02-09
479,Putri,Ramadhan,putri.ramadhan479@example.com,Female,1987-06-11,Jakarta,2024-03-15
480,Gita,Permata,gita.permata480@example.com,Male,1995-11-25,Bandung,2024-01-18
481,Lukman,Nugraha,lukman.nugraha481@example.com,Male,1990-07-11,Bandung,2024-06-21
482,Rizky,Lestari,rizky.lestari482@example.com,Female,1996-10-11,Surabaya,2025-03-14
483,Vina,Saputra,vina.saputra483@example.com,Female,1985-10-15,Semarang,2023-12-20
484,Joko,Ramadhan,joko.ramadhan484@example.com,Male,2000-02-24,Depok,2024-10-03
485,Dinda,Santoso,dinda.santoso485@example.com,Female,1975-04-01,Depok,2025-02-03
486,Eka,Lestari,eka.lestari486@example.com,Female,1988-10-05,Medan,2023-10-10
487,Vina,Hidayat,vina.hidayat487@example.com,Female,1978-05-02,Semarang,2023-12-21
488,Taufik,Wijaya,taufik.wijaya488@example.com,Female,1982-12-16,Depok,2024-01-19
489,Karin,Kurniawan,karin.kurniawan489@example.com,Male,1986-02-08,Jakarta,2025-09-19
490,Eka,Santoso,eka.santoso490@example.com,Female,1995-03-11,Yogyakarta,2025-10-10
491,Nanda,Kurniawan,nanda.kurniawan491@example.com,Female,2001-11-08,Semarang,2025-09-27
492,Fajar,Saputra,fajar.saputra492@example.com,Male,2005-09-13,Bekasi,2024-08-21
493,Budi,Permata,budi.permata493@example.com,Male,1994-02-12,Bogor,2023-12-11
494,Putri,Ramadhan,putri.ramadhan494@example.com,Female,1994-08-29,Yogyakarta,2023-08-20
495,Vina,Saputra,vina.saputra495@example.com,Female,2004-10-08,Yogyakarta,2025-01-21
496,Taufik,Pratama,taufik.pratama496@example.com,Female,1994-07-05,Bekasi,2025-05-20
497,Dinda,Santoso,dinda.santoso497@example.com,Female,1971-06-13,Semarang,2024-06-22
498,Lukman,Saputra,lukman.saputra498@example.com,Female,1975-04-08,Bekasi,2024-03-05
499,Vina,Nugraha,vina.nugraha499@example.com,Female,1977-06-12,Medan,2023-10-13
500,Gita,Santoso,gita.santoso500@example.com,Male,1995-07-29,Tangerang,2025-12-26
501,Intan,Ramadhan,intan.ramadhan501@example.com,Male,1984-07-08,Bogor,2024-08-15
502,Vina,Permata,vina.permata502@example.com,Male,1976-01-31,Surabaya,2023-05-02
503,Intan,Wijaya,intan.wijaya503@example.com,Male,1981-03-14,Depok,2024-10-21
504,Hadi,Hidayat,hadi.hidayat504@example.com,Female,1976-05-18,Medan,2024-07-04
505,Nanda,Hidayat,nanda.hidayat505@example.com,Female,1973-05-22,Bandung,2025-04-05
506,Sari,Permata,sari.permata506@example.com,Female,1990-05-25,Semarang,2024-11-01
507,Vina,Pratama,vina.pratama507@example.com,Male,2002-10-15,Semarang,2025-01-03
508,Citra,Lestari,citra.lestari508@example.com,Female,1979-10-09,Surabaya,2024-03-09
509,Rizky,Permata,rizky.permata509@example.com,Female,1982-09-21,Tangerang,2023-09-25
510,Vina,Kurniawan,vina.kurniawan510@example.com,Female,2000-08-13,Jakarta,2023-04-05
511,Dinda,Kurniawan,dinda.kurniawan511@example.com,Male,1975-07-29,Depok,2025-06-22
512,Putri,Pratama,putri.pratama512@example.com,Female,1979-01-28,Depok,2024-09-10
513,Fajar,Permata,fajar.permata513@example.com,Male,1999-05-13,Tangerang,2024-05-27
514,Citra,Nugraha,citra.nugraha514@example.com,Male,1972-04-28,Surabaya,2024-09-17
515,Hadi,Hidayat,hadi.hidayat515@example.com,Male,2001-07-26,Bandung,2023-01-03
516,Gita,Kurniawan,gita.kurniawan516@example.com,Male,1975-12-15,Medan,2024-04-08
517,Sari,Kurniawan,sari.kurniawan517@example.com,Male,1970-05-13,Tangerang,2023-09-04
518,Nanda,Wijaya,nanda.wijaya518@example.com,Female,1973-03-06,Bekasi,2025-02-23
519,Citra,Saputra,citra.saputra519@example.com,Male,1984-01-21,Tangerang,2024-09-04
520,Eka,Hidayat,eka.hidayat520@example.com,Male,1998-10-12,Depok,2023-05-21
521,Sari,Ramadhan,sari.ramadhan521@example.com,Male,1997-05-18,Depok,2025-06-20
522,Lukman,Santoso,lukman.santoso522@example.com,Male,1988-06-20,Medan,2025-06-25
523,Gita,Saputra,gita.saputra523@example.com,Male,1976-04-12,Bandung,2025-02-25
524,Lukman,Hidayat,lukman.hidayat524@example.com,Female,2005-06-27,Depok,2024-05-22
525,Intan,Saputra,intan.saputra525@example.com,Male,1994-10-28,Medan,2024-08-06
526,Andi,Permata,andi.permata526@example.com,Male,1993-03-23,Medan,2025-11-09
527,Gita,Hidayat,gita.hidayat527@example.com,Female,1998-12-26,Jakarta,2024-05-05
528,Rizky,Hidayat,rizky.hidayat528@example.com,Male,1980-10-24,Semarang,2023-05-26
529,Sari,Pratama,sari.pratama529@example.com,Female,1984-03-13,Depok,2025-03-03
530,Vina,Hidayat,vina.hidayat530@example.com,Female,1994-07-05,Depok,2025-08-22
531,Citra,Pratama,citra.pratama531@example.com,Male,1970-08-14,Bogor,2024-03-17
532,Budi,Pratama,budi.pratama532@example.com,Female,1992-09-22,Bogor,2025-10-23
533,Nanda,Hidayat,nanda.hidayat533@example.com,Female,1973-09-12,Yogyakarta,2023-11-09
534,Intan,Saputra,intan.saputra534@example.com,Female,1973-07-18,Yogyakarta,2024-02-21
535,Eka,Lestari,eka.lestari535@example.com,Female,1987-07-12,Medan,2023-05-16
536,Joko,Hidayat,joko.hidayat536@example.com,Male,1972-08-06,Bekasi,2023-06-26
537,Nanda,Saputra,nanda.saputra537@example.com,Female,1997-06-19,Medan,2023-04-23
538,Joko,Wijaya,joko.wijaya538@example.com,Male,1970-07-27,Depok,2023-01-24
539,Fajar,Kurniawan,fajar.kurniawan539@example.com,Female,1993-06-17,Yogyakarta,2024-06-14
540,Fajar,Nugraha,fajar.nugraha540@example.com,Male,2003-08-20,Bogor,2023-08-30
541,Andi,Nugraha,andi.nugraha541@example.com,Female,1982-03-15,Yogyakarta,2023-05-11
542,Intan,Ramadhan,intan.ramadhan542@example.com,Male,1992-04-03,Semarang,2025-11-12
543,Lukman,Pratama,lukman.pratama543@example.com,Female,1995-06-06,Depok,2025-01-23
544,Fajar,Permata,fajar.permata544@example.com,Male,1995-09-29,Bandung,2024-04-12
545,Sari,Pratama,sari.pratama545@example.com,Male,1970-07-21,Bekasi,2023-04-05
546,Rizky,Nugraha,rizky.nugraha546@example.com,Female,1976-09-24,Depok,2023-03-14
547,Taufik,Hidayat,taufik.hidayat547@example.com,Male,1984-06-08,Bekasi,2025-05-02
548,Karin,Permata,karin.permata548@example.com,Male,1995-08-22,Tangerang,2023-09-02
549,Sari,Pratama,sari.pratama549@example.com,Male,1980-01-05,Yogyakarta,2023-04-05
550,Maya,Saputra,maya.saputra550@example.com,Female,1982-08-31,Bogor,2024-11-01
551,Citra,Lestari,citra.lestari551@example.com,Female,1970-05-11,Tangerang,2024-02-15
552,Joko,Ramadhan,joko.ramadhan552@example.com,Female,2003-03-06,Medan,2024-05-11
553,Putri,Nugraha,putri.nugraha553@example.com,Female,2004-08-28,Bekasi,2024-05-17
554,Eka,Pratama,eka.pratama554@example.com,Female,1971-01-27,Bekasi,2024-12-10
555,Andi,Nugraha,andi.nugraha555@example.com,Male,2004-01-17,Surabaya,2024-09-21
556,Dinda,Santoso,dinda.santoso556@example.com,Male,1988-10-31,Semarang,2023-05-03
557,Eka,Permata,eka.permata557@example.com,Male,1971-12-21,Bekasi,2025-11-30
558,Nanda,Nugraha,nanda.nugraha558@example.com,Female,2003-07-20,Bandung,2023-07-15
559,Sari,Wijaya,sari.wijaya559@example.com,Female,1973-05-11,Medan,2023-05-08
560,Nanda,Wijaya,nanda.wijaya560@example.com,Male,1983-01-31,Bogor,2024-10-07
561,Maya,Nugraha,maya.nugraha561@example.com,Female,1990-04-23,Bogor,2024-04-23
562,Citra,Santoso,citra.santoso562@example.com,Male,2004-12-26,Medan,2023-08-12
563,Eka,Saputra,eka.saputra563@example.com,Male,1990-03-02,Semarang,2024-10-05
564,Nanda,Saputra,nanda.saputra564@example.com,Female,2004-07-22,Bekasi,2025-07-14
565,Joko,Kurniawan,joko.kurniawan565@example.com,Female,1975-05-19,Bandung,2023-11-19
566,Joko,Ramadhan,joko.ramadhan566@example.com,Male,1979-08-24,Tangerang,2023-10-31
567,Citra,Santoso,citra.santoso567@example.com,Female,1987-10-11,Yogyakarta,2023-04-11
568,Joko,Permata,joko.permata568@example.com,Male,1971-05-25,Surabaya,2025-07-15
569,Taufik,Lestari,taufik.lestari569@example.com,Male,1974-04-01,Semarang,2023-07-28
570,Eka,Saputra,eka.saputra570@example.com,Male,1972-10-07,Bekasi,2023-09-25
571,Gita,Hidayat,gita.hidayat571@example.com,Female,2000-10-14,Bandung,2024-06-14
572,Citra,Pratama,citra.pratama572@example.com,Male,1978-11-14,Semarang,2023-09-21
573,Citra,Nugraha,citra.nugraha573@example.com,Male,1971-12-01,Semarang,2023-04-14
574,Fajar,Ramadhan,fajar.ramadhan574@example.com,Female,2002-07-01,Surabaya,2025-10-13
575,Andi,Hidayat,andi.hidayat575@example.com,Female,1977-10-02,Tangerang,2024-03-15
576,Fajar,Permata,fajar.permata576@example.com,Female,1990-01-03,Depok,2023-03-12
577,Yusuf,Ramadhan,yusuf.ramadhan577@example.com,Male,1999-01-14,Bogor,2025-10-18
578,Nanda,Lestari,nanda.lestari578@example.com,Female,1972-09-26,Bandung,2024-07-26
579,Maya,Wijaya,maya.wijaya579@example.com,Female,1978-12-12,Yogyakarta,2024-05-25
580,Taufik,Pratama,taufik.pratama580@example.com,Female,2005-01-27,Tangerang,2025-09-09
581,Taufik,Kurniawan,taufik.kurniawan581@example.com,Female,1995-05-17,Yogyakarta,2024-10-20
582,Maya,Permata,maya.permata582@example.com,Male,1971-03-04,Tangerang,2024-03-24
583,Andi,Permata,andi.permata583@example.com,Male,1991-02-28,Yogyakarta,2025-01-02
584,Vina,Santoso,vina.santoso584@example.com,Male,1974-06-29,Bekasi,2024-05-08
585,Intan,Lestari,intan.lestari585@example.com,Male,2004-04-10,Bekasi,2025-03-06
586,Lukman,Wijaya,lukman.wijaya586@example.com,Male,1980-08-11,Medan,2024-10-13
587,Lukman,Ramadhan,lukman.ramadhan587@example.com,Male,2001-07-22,Tangerang,2023-10-19
588,Vina,Santoso,vina.santoso588@example.com,Female,1994-04-27,Bogor,2023-12-26
589,Rizky,Pratama,rizky.pratama589@example.com,Male,1972-07-09,Bekasi,2024-03-24
590,Andi,Lestari,andi.lestari590@example.com,Female,1970-01-12,Tangerang,2024-02-17
591,Eka,Nugraha,eka.nugraha591@example.com,Male,2005-12-29,Tangerang,2023-05-02
592,Andi,Wijaya,andi.wijaya592@example.com,Male,2004-09-26,Bandung,2025-12-13
593,Lukman,Saputra,lukman.saputra593@example.com,Female,2001-08-09,Surabaya,2023-07-26
594,Karin,Permata,karin.permata594@example.com,Female,1976-02-14,Depok,2025-06-13
595,Rizky,Nugraha,rizky.nugraha595@example.com,Male,2001-09-21,Yogyakarta,2024-12-31
596,Hadi,Ramadhan,hadi.ramadhan596@example.com,Male,1986-12-22,Bogor,2024-08-26
597,Eka,Wijaya,eka.wijaya597@example.com,Male,2001-06-28,Medan,2025-03-12
598,Vina,Pratama,vina.pratama598@example.com,Male,1997-01-08,Tangerang,2024-03-28
599,Vina,Saputra,vina.saputra599@example.com,Female,1976-04-23,Tangerang,2023-06-09
600,Hadi,Nugraha,hadi.nugraha600@example.com,Female,1977-07-13,Bandung,2024-11-18
601,Putri,Pratama,putri.pratama601@example.com,Female,1979-05-29,Bekasi,2023-05-19
602,Lukman,Permata,lukman.permata602@example.com,Male,2002-04-26,Jakarta,2023-04-09
603,Maya,Kurniawan,maya.kurniawan603@example.com,Female,1977-06-18,Surabaya,2025-10-06
604,Maya,Nugraha,maya.nugraha604@example.com,Female,1974-07-20,Semarang,2024-04-06
605,Fajar,Kurniawan,fajar.kurniawan605@example.com,Male,2005-11-07,Jakarta,2024-08-26
606,Andi,Nugraha,andi.nugraha606@example.com,Female,1974-09-12,Bandung,2024-12-01
607,Fajar,Hidayat,fajar.hidayat607@example.com,Male,2002-11-01,Bandung,2023-07-10
608,Karin,Ramadhan,karin.ramadhan608@example.com,Female,2001-08-08,Jakarta,2025-06-02
609,Fajar,Ramadhan,fajar.ramadhan609@example.com,Female,1977-01-17,Jakarta,2023-07-27
610,Karin,Santoso,karin.santoso610@example.com,Male,1988-05-11,Yogyakarta,2024-06-27
611,Joko,Permata,joko.permata611@example.com,Male,1974-04-21,Jakarta,2025-03-15
612,Vina,Lestari,vina.lestari612@example.com,Female,1976-11-21,Jakarta,2025-01-08
613,Andi,Hidayat,andi.hidayat613@example.com,Male,1983-03-19,Medan,2025-09-10
614,Gita,Saputra,gita.saputra614@example.com,Male,1979-04-14,Depok,2024-08-20
615,Citra,Kurniawan,citra.kurniawan615@example.com,Male,1983-11-01,Surabaya,2025-08-22
616,Rizky,Permata,rizky.permata616@example.com,Male,1998-10-17,Yogyakarta,2025-03-04
617,Fajar,Nugraha,fajar.nugraha617@example.com,Female,1986-07-28,Depok,2025-07-01
618,Budi,Permata,budi.permata618@example.com,Female,1990-11-11,Bogor,2024-04-08
619,Intan,Ramadhan,intan.ramadhan619@example.com,Male,1976-10-12,Bandung,2023-06-25
620,Lukman,Lestari,lukman.lestari620@example.com,Female,2003-12-07,Medan,2024-04-10
621,Taufik,Pratama,taufik.pratama621@example.com,Female,1993-06-10,Surabaya,2025-08-30
622,Vina,Santoso,vina.santoso622@example.com,Female,1983-05-29,Bandung,2025-03-19
623,Budi,Lestari,budi.lestari623@example.com,Male,1975-05-25,Semarang,2023-12-21
624,Fajar,Santoso,fajar.santoso624@example.com,Male,1975-08-30,Jakarta,2025-05-17
625,Citra,Hidayat,citra.hidayat625@example.com,Male,1998-02-19,Depok,2024-06-12
626,Karin,Saputra,karin.saputra626@example.com,Male,1987-05-30,Yogyakarta,2025-03-24
627,Taufik,Nugraha,taufik.nugraha627@example.com,Female,1993-04-24,Semarang,2023-01-26
628,Yusuf,Ramadhan,yusuf.ramadhan628@example.com,Female,1975-01-18,Surabaya,2023-11-03
629,Eka,Ramadhan,eka.ramadhan629@example.com,Male,1974-09-27,Medan,2023-07-26
630,Joko,Lestari,joko.lestari630@example.com,Female,1988-06-07,Bogor,2025-02-23
631,Rizky,Ramadhan,rizky.ramadhan631@example.com,Female,1971-09-06,Depok,2024-07-18
632,Maya,Wijaya,maya.wijaya632@example.com,Female,1971-09-28,Surabaya,2024-11-09
633,Hadi,Pratama,hadi.pratama633@example.com,Female,1982-01-18,Tangerang,2023-02-11
634,Karin,Permata,karin.permata634@example.com,Female,1982-07-30,Semarang,2023-07-21
635,Hadi,Wijaya,hadi.wijaya635@example.com,Female,2003-05-13,Semarang,2024-10-19
636,Intan,Hidayat,intan.hidayat636@example.com,Male,1978-06-07,Semarang,2024-03-08
637,Nanda,Kurniawan,nanda.kurniawan637@example.com,Female,1972-07-09,Yogyakarta,2023-11-22
638,Citra,Permata,citra.permata638@example.com,Female,1976-02-01,Yogyakarta,2023-03-01
639,Fajar,Santoso,fajar.santoso639@example.com,Male,1972-08-02,Bekasi,2023-03-09
640,Putri,Pratama,putri.pratama640@example.com,Female,2001-08-10,Bekasi,2024-07-15
641,Lukman,Kurniawan,lukman.kurniawan641@example.com,Female,1998-07-03,Bandung,2023-03-04
642,Hadi,Nugraha,hadi.nugraha642@example.com,Female,1996-08-24,Semarang,2023-12-30
643,Rizky,Ramadhan,rizky.ramadhan643@example.com,Female,1985-06-11,Depok,2024-06-13
644,Citra,Permata,citra.permata644@example.com,Male,1987-05-05,Jakarta,2023-11-30
645,Vina,Santoso,vina.santoso645@example.com,Male,1999-01-15,Bekasi,2024-02-28
646,Intan,Hidayat,intan.hidayat646@example.com,Male,2005-01-01,Jakarta,2025-08-28
647,Eka,Wijaya,eka.wijaya647@example.com,Male,1980-01-15,Bogor,2024-09-17
648,Intan,Hidayat,intan.hidayat648@example.com,Female,1985-08-23,Semarang,2024-05-31
649,Gita,Kurniawan,gita.kurniawan649@example.com,Female,2000-05-18,Yogyakarta,2025-03-24
650,Vina,Saputra,vina.saputra650@example.com,Male,1992-12-11,Tangerang,2024-08-01
651,Joko,Saputra,joko.saputra651@example.com,Female,1972-11-11,Tangerang,2024-07-20
652,Karin,Permata,karin.permata652@example.com,Female,1999-06-07,Bogor,2024-01-21
653,Eka,Lestari,eka.lestari653@example.com,Male,1972-07-19,Medan,2025-04-07
654,Karin,Wijaya,karin.wijaya654@example.com,Male,1999-05-27,Semarang,2024-08-28
655,Intan,Hidayat,intan.hidayat655@example.com,Female,1987-06-02,Jakarta,2024-01-24
656,Karin,Santoso,karin.santoso656@example.com,Female,2000-02-20,Tangerang,2025-11-04
657,Joko,Wijaya,joko.wijaya657@example.com,Male,1983-03-07,Bandung,2025-08-22
658,Eka,Permata,eka.permata658@example.com,Male,2000-06-28,Tangerang,2023-07-02
659,Hadi,Nugraha,hadi.nugraha659@example.com,Male,2003-05-21,Bogor,2025-05-11
660,Karin,Nugraha,karin.nugraha660@example.com,Female,1996-04-07,Bogor,2025-08-07
661,Dinda,Kurniawan,dinda.kurniawan661@example.com,Male,1998-06-16,Medan,2023-05-26
662,Rizky,Santoso,rizky.santoso662@example.com,Male,2000-07-14,Surabaya,2025-12-21
663,Joko,Hidayat,joko.hidayat663@example.com,Male,1976-10-06,Depok,2024-02-15
664,Karin,Hidayat,karin.hidayat664@example.com,Female,1976-06-04,Tangerang,2024-01-05
665,Citra,Kurniawan,citra.kurniawan665@example.com,Female,1998-04-22,Depok,2024-10-03
666,Budi,Pratama,budi.pratama666@example.com,Female,1982-04-09,Bekasi,2023-12-12
667,Vina,Wijaya,vina.wijaya667@example.com,Female,2005-03-22,Bandung,2023-09-23
668,Yusuf,Hidayat,yusuf.hidayat668@example.com,Female,1988-02-05,Surabaya,2025-09-04
669,Maya,Pratama,maya.pratama669@example.com,Male,1993-12-11,Bekasi,2025-02-03
670,Andi,Nugraha,andi.nugraha670@example.com,Male,1970-10-21,Jakarta,2024-05-24
671,Hadi,Nugraha,hadi.nugraha671@example.com,Female,1975-10-14,Bandung,2025-02-24
672,Sari,Ramadhan,sari.ramadhan672@example.com,Female,1977-06-29,Bandung,2023-04-04
673,Joko,Permata,joko.permata673@example.com,Female,2002-08-25,Yogyakarta,2025-12-09
674,Karin,Hidayat,karin.hidayat674@example.com,Male,1985-05-17,Semarang,2025-01-05
675,Gita,Wijaya,gita.wijaya675@example.com,Female,1970-11-10,Bekasi,2024-04-04
676,Eka,Santoso,eka.santoso676@example.com,Male,1996-06-14,Yogyakarta,2023-12-13
677,Dinda,Nugraha,dinda.nugraha677@example.com,Male,1986-10-31,Bogor,2025-12-31
678,Yusuf,Pratama,yusuf.pratama678@example.com,Male,1999-09-11,Bandung,2023-02-10
679,Budi,Saputra,budi.saputra679@example.com,Female,1989-12-06,Surabaya,2023-09-11
680,Taufik,Permata,taufik.permata680@example.com,Female,2001-06-26,Depok,2024-02-25
681,Andi,Permata,andi.permata681@example.com,Female,1999-09-06,Bandung,2025-12-01
682,Intan,Ramadhan,intan.ramadhan682@example.com,Male,1988-10-15,Bandung,2025-11-13
683,Yusuf,Saputra,yusuf.saputra683@example.com,Female,1975-02-11,Bandung,2025-10-16
684,Gita,Ramadhan,gita.ramadhan684@example.com,Male,2004-11-24,Bogor,2025-12-07
685,Gita,Nugraha,gita.nugraha685@example.com,Female,1983-04-02,Depok,2023-03-22
686,Taufik,Kurniawan,taufik.kurniawan686@example.com,Male,2000-11-14,Semarang,2024-11-08
687,Hadi,Pratama,hadi.pratama687@example.com,Male,2000-02-17,Bandung,2023-08-15
688,Vina,Kurniawan,vina.kurniawan688@example.com,Male,1974-01-15,Yogyakarta,2023-06-03
689,Dinda,Permata,dinda.permata689@example.com,Male,1990-06-28,Bogor,2024-06-24
690,Putri,Pratama,putri.pratama690@example.com,Male,1977-11-02,Jakarta,2024-08-18
691,Lukman,Nugraha,lukman.nugraha691@example.com,Female,2003-02-17,Bandung,2023-07-14
692,Budi,Pratama,budi.pratama692@example.com,Male,1999-10-04,Depok,2024-11-04
693,Lukman,Kurniawan,lukman.kurniawan693@example.com,Female,2002-11-19,Bandung,2025-02-02
694,Karin,Wijaya,karin.wijaya694@example.com,Male,1987-12-24,Surabaya,2025-07-23
695,Intan,Hidayat,intan.hidayat695@example.com,Female,2005-11-18,Surabaya,2023-12-08
696,Dinda,Wijaya,dinda.wijaya696@example.com,Male,1977-02-24,Bandung,2025-05-02
697,Vina,Kurniawan,vina.kurniawan697@example.com,Female,1978-02-17,Medan,2025-02-16
698,Lukman,Ramadhan,lukman.ramadhan698@example.com,Male,2000-09-14,Depok,2025-09-16
699,Rizky,Saputra,rizky.saputra699@example.com,Female,1989-10-08,Jakarta,2023-05-10
700,Intan,Nugraha,intan.nugraha700@example.com,Male,2001-08-09,Yogyakarta,2024-04-03
701,Karin,Lestari,karin.lestari701@example.com,Male,1989-06-01,Bekasi,2025-09-13
702,Lukman,Hidayat,lukman.hidayat702@example.com,Male,1995-01-17,Medan,2023-04-22
703,Andi,Wijaya,andi.wijaya703@example.com,Female,1992-03-29,Depok,2023-06-03
704,Rizky,Nugraha,rizky.nugraha704@example.com,Male,1984-11-04,Bogor,2023-04-14
705,Sari,Santoso,sari.santoso705@example.com,Female,1988-02-03,Bekasi,2023-06-11
706,Putri,Kurniawan,putri.kurniawan706@example.com,Female,1973-12-13,Semarang,2025-07-04
707,Karin,Saputra,karin.saputra707@example.com,Female,2003-06-06,Jakarta,2023-07-30
708,Maya,Hidayat,maya.hidayat708@example.com,Male,1994-12-29,Yogyakarta,2023-01-01
709,Citra,Ramadhan,citra.ramadhan709@example.com,Female,1992-10-20,Yogyakarta,2024-02-28
710,Putri,Nugraha,putri.nugraha710@example.com,Female,1972-06-08,Bekasi,2025-07-19
711,Karin,Lestari,karin.lestari711@example.com,Female,2002-02-23,Tangerang,2025-07-15
712,Dinda,Saputra,dinda.saputra712@example.com,Male,1970-02-05,Tangerang,2024-12-28
713,Joko,Lestari,joko.lestari713@example.com,Female,2001-06-30,Bandung,2023-04-04
714,Fajar,Kurniawan,fajar.kurniawan714@example.com,Male,2002-02-26,Surabaya,2023-08-08
715,Intan,Ramadhan,intan.ramadhan715@example.com,Male,1978-05-31,Bandung,2025-03-15
716,Gita,Kurniawan,gita.kurniawan716@example.com,Male,2002-02-25,Tangerang,2023-08-09
717,Nanda,Pratama,nanda.pratama717@example.com,Male,2004-08-20,Semarang,2025-07-25
718,Vina,Lestari,vina.lestari718@example.com,Male,1992-05-17,Jakarta,2025-12-22
719,Budi,Lestari,budi.lestari719@example.com,Female,1996-03-31,Semarang,2025-11-07
720,Fajar,Ramadhan,fajar.ramadhan720@example.com,Male,2002-10-08,Depok,2023-08-01
721,Maya,Ramadhan,maya.ramadhan721@example.com,Female,1992-08-12,Surabaya,2025-05-07
722,Yusuf,Santoso,yusuf.santoso722@example.com,Female,1987-11-06,Tangerang,2024-08-25
723,Putri,Wijaya,putri.wijaya723@example.com,Male,1988-07-07,Medan,2025-11-15
724,Joko,Lestari,joko.lestari724@example.com,Female,2001-12-07,Yogyakarta,2024-03-21
725,Gita,Santoso,gita.santoso725@example.com,Female,2000-10-19,Tangerang,2023-09-29
726,Fajar,Lestari,fajar.lestari726@example.com,Female,2001-11-12,Bandung,2024-12-22
727,Taufik,Kurniawan,taufik.kurniawan727@example.com,Female,2000-03-30,Yogyakarta,2024-08-08
728,Nanda,Pratama,nanda.pratama728@example.com,Male,1971-02-19,Surabaya,2023-10-25
729,Budi,Pratama,budi.pratama729@example.com,Male,1981-12-23,Depok,2024-08-09
730,Intan,Wijaya,intan.wijaya730@example.com,Male,2000-12-23,Bogor,2024-02-22
731,Taufik,Pratama,taufik.pratama731@example.com,Female,1990-04-21,Bandung,2024-04-04
732,Taufik,Hidayat,taufik.hidayat732@example.com,Male,1992-12-01,Bogor,2023-04-07
733,Maya,Hidayat,maya.hidayat733@example.com,Female,2005-05-09,Tangerang,2023-04-21
734,Andi,Permata,andi.permata734@example.com,Male,1997-11-02,Semarang,2024-04-06
735,Lukman,Ramadhan,lukman.ramadhan735@example.com,Male,2004-10-25,Bekasi,2024-08-25
736,Putri,Wijaya,putri.wijaya736@example.com,Male,1978-05-22,Depok,2025-11-18
737,Dinda,Hidayat,dinda.hidayat737@example.com,Male,1989-03-22,Bogor,2024-06-25
738,Eka,Wijaya,eka.wijaya738@example.com,Female,1970-04-03,Tangerang,2025-08-13
739,Eka,Pratama,eka.pratama739@example.com,Male,1984-06-21,Medan,2023-04-15
740,Yusuf,Permata,yusuf.permata740@example.com,Female,2005-06-07,Medan,2025-01-03
741,Citra,Nugraha,citra.nugraha741@example.com,Male,1978-04-01,Yogyakarta,2023-05-20
742,Sari,Wijaya,sari.wijaya742@example.com,Female,1994-05-12,Yogyakarta,2025-04-06
743,Citra,Nugraha,citra.nugraha743@example.com,Male,1979-07-28,Tangerang,2024-11-09
744,Lukman,Permata,lukman.permata744@example.com,Male,2003-10-06,Medan,2025-12-22
745,Rizky,Lestari,rizky.lestari745@example.com,Male,1975-02-23,Tangerang,2025-07-01
746,Hadi,Ramadhan,hadi.ramadhan746@example.com,Male,1971-10-16,Tangerang,2025-02-20
747,Dinda,Hidayat,dinda.hidayat747@example.com,Female,1994-03-27,Bogor,2023-02-20
748,Sari,Nugraha,sari.nugraha748@example.com,Female,1991-11-02,Jakarta,2024-08-30
749,Gita,Nugraha,gita.nugraha749@example.com,Male,1974-04-22,Depok,2025-12-28
750,Andi,Saputra,andi.saputra750@example.com,Male,2000-01-26,Bekasi,2025-05-18
751,Dinda,Santoso,dinda.santoso751@example.com,Female,1999-01-02,Bandung,2023-11-11
752,Andi,Kurniawan,andi.kurniawan752@example.com,Female,1971-09-13,Bandung,2023-05-31
753,Budi,Wijaya,budi.wijaya753@example.com,Female,1995-01-13,Bandung,2024-04-11
754,Intan,Hidayat,intan.hidayat754@example.com,Female,1990-03-28,Surabaya,2025-06-05
755,Karin,Pratama,karin.pratama755@example.com,Female,2000-03-15,Bandung,2025-12-31
756,Andi,Ramadhan,andi.ramadhan756@example.com,Male,2003-11-29,Medan,2023-04-04
757,Citra,Nugraha,citra.nugraha757@example.com,Male,1983-01-01,Bogor,2023-06-27
758,Joko,Kurniawan,joko.kurniawan758@example.com,Female,1987-09-22,Jakarta,2025-08-28
759,Fajar,Lestari,fajar.lestari759@example.com,Male,1976-02-13,Surabaya,2024-08-27
760,Eka,Permata,eka.permata760@example.com,Female,1970-07-02,Yogyakarta,2023-10-17
761,Dinda,Pratama,dinda.pratama761@example.com,Male,1995-09-10,Medan,2025-03-18
762,Taufik,Lestari,taufik.lestari762@example.com,Male,1983-09-02,Bekasi,2024-12-05
763,Gita,Hidayat,gita.hidayat763@example.com,Male,1977-03-22,Depok,2024-03-28
764,Yusuf,Permata,yusuf.permata764@example.com,Male,1975-02-21,Depok,2023-04-22
765,Taufik,Kurniawan,taufik.kurniawan765@example.com,Male,1983-01-15,Bandung,2024-05-28
766,Dinda,Santoso,dinda.santoso766@example.com,Female,1984-11-03,Tangerang,2023-09-20
767,Hadi,Saputra,hadi.saputra767@example.com,Female,1997-10-16,Bandung,2024-02-01
768,Karin,Kurniawan,karin.kurniawan768@example.com,Female,1984-09-23,Medan,2024-09-18
769,Vina,Wijaya,vina.wijaya769@example.com,Female,1984-03-10,Surabaya,2023-12-12
770,Andi,Nugraha,andi.nugraha770@example.com,Male,2005-03-30,Bekasi,2025-06-12
771,Intan,Nugraha,intan.nugraha771@example.com,Male,2000-06-26,Tangerang,2025-09-09
772,Putri,Kurniawan,putri.kurniawan772@example.com,Female,2004-10-02,Bogor,2025-09-24
773,Taufik,Saputra,taufik.saputra773@example.com,Male,1998-12-16,Medan,2023-06-17
774,Intan,Wijaya,intan.wijaya774@example.com,Male,1981-10-22,Bandung,2023-06-04
775,Andi,Lestari,andi.lestari775@example.com,Male,1996-02-07,Medan,2025-04-09
776,Vina,Santoso,vina.santoso776@example.com,Male,1994-09-29,Bogor,2025-08-24
777,Eka,Nugraha,eka.nugraha777@example.com,Female,1980-01-07,Medan,2024-08-18
778,Eka,Kurniawan,eka.kurniawan778@example.com,Male,1987-10-19,Tangerang,2025-10-25
779,Andi,Santoso,andi.santoso779@example.com,Male,2003-12-20,Yogyakarta,2023-10-15
780,Putri,Wijaya,putri.wijaya780@example.com,Male,1995-05-29,Medan,2023-10-27
781,Rizky,Nugraha,rizky.nugraha781@example.com,Male,1979-10-26,Semarang,2024-04-19
782,Citra,Permata,citra.permata782@example.com,Female,1980-07-01,Jakarta,2024-02-28
783,Sari,Nugraha,sari.nugraha783@example.com,Female,1991-01-26,Semarang,2023-04-06
784,Budi,Nugraha,budi.nugraha784@example.com,Male,2001-07-27,Yogyakarta,2024-07-14
785,Intan,Ramadhan,intan.ramadhan785@example.com,Male,1986-11-24,Surabaya,2025-01-18
786,Vina,Saputra,vina.saputra786@example.com,Female,1986-11-18,Bekasi,2025-11-23
787,Maya,Nugraha,maya.nugraha787@example.com,Female,1991-11-03,Semarang,2023-01-14
788,Sari,Wijaya,sari.wijaya788@example.com,Female,1977-06-06,Bekasi,2023-06-07
789,Sari,Permata,sari.permata789@example.com,Male,1976-09-27,Depok,2023-11-19
790,Lukman,Ramadhan,lukman.ramadhan790@example.com,Male,1999-08-28,Bekasi,2025-04-29
791,Karin,Saputra,karin.saputra791@example.com,Female,2000-04-15,Semarang,2025-09-08
792,Gita,Ramadhan,gita.ramadhan792@example.com,Male,1999-01-13,Surabaya,2023-02-15
793,Hadi,Pratama,hadi.pratama793@example.com,Male,1995-09-23,Medan,2023-11-26
794,Eka,Lestari,eka.lestari794@example.com,Male,1995-09-03,Depok,2023-04-25
795,Fajar,Permata,fajar.permata795@example.com,Male,1993-03-05,Surabaya,2023-02-08
796,Joko,Saputra,joko.saputra796@example.com,Male,1990-02-24,Medan,2025-08-23
797,Rizky,Wijaya,rizky.wijaya797@example.com,Male,1988-06-05,Medan,2023-10-20
798,Vina,Wijaya,vina.wijaya798@example.com,Female,1977-07-10,Tangerang,2025-07-17
799,Yusuf,Ramadhan,yusuf.ramadhan799@example.com,Male,1980-04-23,Surabaya,2025-02-28
800,Eka,Saputra,eka.saputra800@example.com,Male,1979-01-29,Yogyakarta,2025-10-29
801,Nanda,Wijaya,nanda.wijaya801@example.com,Male,1977-12-16,Semarang,2023-03-21
802,Taufik,Lestari,taufik.lestari802@example.com,Male,1974-03-07,Semarang,2023-09-24
803,Yusuf,Lestari,yusuf.lestari803@example.com,Male,2004-10-04,Surabaya,2025-12-05
804,Nanda,Nugraha,nanda.nugraha804@example.com,Male,2001-04-18,Yogyakarta,2025-05-28
805,Hadi,Kurniawan,hadi.kurniawan805@example.com,Female,1985-09-21,Medan,2023-07-20
806,Nanda,Wijaya,nanda.wijaya806@example.com,Female,1991-05-28,Bekasi,2023-06-21
807,Joko,Ramadhan,joko.ramadhan807@example.com,Female,1981-07-25,Bekasi,2023-01-12
808,Andi,Ramadhan,andi.ramadhan808@example.com,Male,1993-04-25,Jakarta,2025-02-07
809,Gita,Nugraha,gita.nugraha809@example.com,Female,1986-04-02,Bandung,2023-11-13
810,Nanda,Ramadhan,nanda.ramadhan810@example.com,Female,1981-09-21,Yogyakarta,2025-05-17
811,Vina,Nugraha,vina.nugraha811@example.com,Female,2000-07-13,Surabaya,2024-02-22
812,Nanda,Lestari,nanda.lestari812@example.com,Female,1978-01-07,Tangerang,2025-09-17
813,Intan,Permata,intan.permata813@example.com,Female,2004-09-23,Surabaya,2023-10-10
814,Dinda,Santoso,dinda.santoso814@example.com,Female,2005-02-16,Depok,2023-07-25
815,Gita,Lestari,gita.lestari815@example.com,Female,2005-04-06,Tangerang,2023-04-17
816,Fajar,Hidayat,fajar.hidayat816@example.com,Male,1974-02-01,Depok,2025-08-23
817,Yusuf,Hidayat,yusuf.hidayat817@example.com,Male,1972-11-15,Bogor,2024-03-30
818,Lukman,Saputra,lukman.saputra818@example.com,Male,2002-07-02,Surabaya,2025-03-31
819,Yusuf,Lestari,yusuf.lestari819@example.com,Female,2001-12-02,Medan,2023-04-28
820,Fajar,Kurniawan,fajar.kurniawan820@example.com,Female,1970-06-25,Bekasi,2025-11-27
821,Joko,Santoso,joko.santoso821@example.com,Male,2005-03-02,Medan,2025-11-11
822,Sari,Santoso,sari.santoso822@example.com,Male,2000-03-27,Jakarta,2025-01-06
823,Hadi,Pratama,hadi.pratama823@example.com,Male,1973-11-23,Bogor,2025-03-29
824,Lukman,Hidayat,lukman.hidayat824@example.com,Female,1996-04-16,Bekasi,2025-11-26
825,Andi,Saputra,andi.saputra825@example.com,Male,1994-08-27,Bogor,2024-12-13
826,Lukman,Permata,lukman.permata826@example.com,Male,1997-03-14,Bekasi,2025-07-20
827,Maya,Ramadhan,maya.ramadhan827@example.com,Male,1981-09-17,Depok,2025-04-13
828,Sari,Saputra,sari.saputra828@example.com,Male,1992-07-27,Bogor,2024-11-27
829,Dinda,Lestari,dinda.lestari829@example.com,Female,1994-02-17,Medan,2024-05-27
830,Putri,Hidayat,putri.hidayat830@example.com,Female,2004-07-16,Bekasi,2024-11-26
831,Putri,Kurniawan,putri.kurniawan831@example.com,Male,1991-08-15,Bandung,2024-06-12
832,Citra,Hidayat,citra.hidayat832@example.com,Male,2000-05-13,Bekasi,2024-10-08
833,Nanda,Nugraha,nanda.nugraha833@example.com,Male,2001-06-09,Bogor,2024-05-23
834,Joko,Saputra,joko.saputra834@example.com,Female,2000-03-21,Tangerang,2023-06-05
835,Taufik,Wijaya,taufik.wijaya835@example.com,Female,1984-01-30,Tangerang,2024-03-23
836,Vina,Permata,vina.permata836@example.com,Male,2003-06-22,Bekasi,2025-10-18
837,Gita,Santoso,gita.santoso837@example.com,Male,1981-11-27,Bekasi,2024-04-14
838,Gita,Santoso,gita.santoso838@example.com,Female,1976-12-30,Bandung,2023-09-03
839,Citra,Kurniawan,citra.kurniawan839@example.com,Male,2004-04-13,Yogyakarta,2023-03-28
840,Rizky,Nugraha,rizky.nugraha840@example.com,Female,1992-02-01,Medan,2024-07-16
841,Rizky,Wijaya,rizky.wijaya841@example.com,Female,1987-11-06,Bekasi,2023-09-20
842,Budi,Lestari,budi.lestari842@example.com,Female,1991-06-16,Yogyakarta,2023-03-08
843,Sari,Nugraha,sari.nugraha843@example.com,Female,2000-10-14,Depok,2025-07-25
844,Dinda,Lestari,dinda.lestari844@example.com,Female,1984-02-28,Jakarta,2023-01-25
845,Gita,Hidayat,gita.hidayat845@example.com,Male,1984-08-06,Tangerang,2024-06-15
846,Fajar,Lestari,fajar.lestari846@example.com,Female,1980-08-21,Bogor,2025-08-23
847,Yusuf,Nugraha,yusuf.nugraha847@example.com,Female,1978-04-02,Semarang,2025-05-18
848,Gita,Hidayat,gita.hidayat848@example.com,Female,1986-05-18,Surabaya,2024-07-26
849,Putri,Wijaya,putri.wijaya849@example.com,Male,1995-11-01,Bekasi,2023-07-24
850,Intan,Santoso,intan.santoso850@example.com,Female,1987-02-01,Bekasi,2023-10-26
851,Eka,Kurniawan,eka.kurniawan851@example.com,Male,1977-12-03,Surabaya,2025-10-20
852,Eka,Lestari,eka.lestari852@example.com,Female,2005-03-24,Semarang,2024-09-06
853,Intan,Lestari,intan.lestari853@example.com,Male,1987-11-15,Bandung,2023-12-01
854,Budi,Santoso,budi.santoso854@example.com,Female,1991-05-18,Bandung,2025-07-10
855,Karin,Permata,karin.permata855@example.com,Female,1986-03-01,Yogyakarta,2024-06-11
856,Lukman,Pratama,lukman.pratama856@example.com,Female,1975-06-10,Tangerang,2024-02-12
857,Vina,Ramadhan,vina.ramadhan857@example.com,Male,2005-01-01,Bogor,2024-12-28
858,Karin,Lestari,karin.lestari858@example.com,Female,2004-10-02,Semarang,2023-06-10
859,Maya,Ramadhan,maya.ramadhan859@example.com,Female,1990-10-21,Depok,2023-12-10
860,Karin,Hidayat,karin.hidayat860@example.com,Female,1973-03-14,Bandung,2023-11-28
861,Karin,Santoso,karin.santoso861@example.com,Female,1984-03-19,Bogor,2024-07-01
862,Yusuf,Hidayat,yusuf.hidayat862@example.com,Female,1989-12-16,Tangerang,2025-12-02
863,Putri,Hidayat,putri.hidayat863@example.com,Male,1978-04-01,Jakarta,2023-09-14
864,Hadi,Permata,hadi.permata864@example.com,Male,1979-06-13,Depok,2025-03-24
865,Dinda,Saputra,dinda.saputra865@example.com,Male,1991-03-24,Yogyakarta,2023-04-21
866,Andi,Hidayat,andi.hidayat866@example.com,Male,1974-08-30,Bogor,2023-11-15
867,Citra,Hidayat,citra.hidayat867@example.com,Female,1980-04-15,Bekasi,2024-08-04
868,Putri,Wijaya,putri.wijaya868@example.com,Male,1993-08-18,Depok,2023-02-28
869,Budi,Nugraha,budi.nugraha869@example.com,Female,1991-05-12,Semarang,2024-07-11
870,Taufik,Kurniawan,taufik.kurniawan870@example.com,Male,2001-04-17,Yogyakarta,2023-12-29
871,Vina,Ramadhan,vina.ramadhan871@example.com,Female,1998-04-23,Medan,2025-06-09
872,Sari,Lestari,sari.lestari872@example.com,Female,1985-07-29,Semarang,2024-04-10
873,Citra,Kurniawan,citra.kurniawan873@example.com,Female,1986-05-29,Surabaya,2024-06-16
874,Eka,Permata,eka.permata874@example.com,Male,1970-01-02,Yogyakarta,2023-10-07
875,Lukman,Permata,lukman.permata875@example.com,Female,1994-01-02,Jakarta,2025-10-04
876,Rizky,Permata,rizky.permata876@example.com,Male,2004-05-10,Surabaya,2024-08-22
877,Yusuf,Santoso,yusuf.santoso877@example.com,Male,1994-08-04,Tangerang,2024-01-22
878,Nanda,Lestari,nanda.lestari878@example.com,Female,1987-09-16,Bekasi,2023-12-01
879,Maya,Hidayat,maya.hidayat879@example.com,Male,1981-10-18,Bandung,2025-05-14
880,Hadi,Lestari,hadi.lestari880@example.com,Female,1982-10-09,Yogyakarta,2024-07-04
881,Nanda,Santoso,nanda.santoso881@example.com,Male,1978-03-08,Depok,2024-08-16
882,Dinda,Kurniawan,dinda.kurniawan882@example.com,Female,1982-03-17,Medan,2025-10-04
883,Gita,Nugraha,gita.nugraha883@example.com,Male,1976-10-28,Jakarta,2025-12-31
884,Andi,Wijaya,andi.wijaya884@example.com,Male,1982-08-28,Bogor,2023-09-14
885,Putri,Pratama,putri.pratama885@example.com,Male,1974-01-17,Depok,2023-01-31
886,Rizky,Santoso,rizky.santoso886@example.com,Female,1988-11-07,Bogor,2025-10-17
887,Lukman,Kurniawan,lukman.kurniawan887@example.com,Male,1984-10-24,Bandung,2023-10-27
888,Budi,Permata,budi.permata888@example.com,Female,1973-03-15,Yogyakarta,2025-08-20
889,Fajar,Santoso,fajar.santoso889@example.com,Female,1987-02-12,Jakarta,2023-09-07
890,Hadi,Hidayat,hadi.hidayat890@example.com,Female,1981-02-01,Jakarta,2024-02-12
891,Putri,Saputra,putri.saputra891@example.com,Male,1991-03-18,Surabaya,2024-10-01
892,Karin,Wijaya,karin.wijaya892@example.com,Male,2003-05-29,Yogyakarta,2025-12-02
893,Dinda,Permata,dinda.permata893@example.com,Female,1998-08-23,Bogor,2024-02-11
894,Lukman,Pratama,lukman.pratama894@example.com,Male,1975-01-25,Bekasi,2025-06-08
895,Karin,Pratama,karin.pratama895@example.com,Male,2005-08-20,Bogor,2023-09-03
896,Maya,Santoso,maya.santoso896@example.com,Male,1971-11-20,Medan,2025-08-31
897,Yusuf,Wijaya,yusuf.wijaya897@example.com,Female,2004-07-29,Bandung,2024-05-24
898,Fajar,Kurniawan,fajar.kurniawan898@example.com,Male,2000-10-08,Medan,2024-11-24
899,Budi,Pratama,budi.pratama899@example.com,Female,1998-11-30,Depok,2023-08-08
900,Eka,Kurniawan,eka.kurniawan900@example.com,Male,1984-03-17,Yogyakarta,2024-12-12
901,Putri,Santoso,putri.santoso901@example.com,Male,2000-12-01,Surabaya,2025-01-03
902,Eka,Permata,eka.permata902@example.com,Male,1991-10-09,Semarang,2024-08-26
903,Taufik,Kurniawan,taufik.kurniawan903@example.com,Male,1995-06-03,Depok,2024-12-13
904,Karin,Kurniawan,karin.kurniawan904@example.com,Female,1996-11-08,Yogyakarta,2023-11-25
905,Citra,Lestari,citra.lestari905@example.com,Male,1990-02-27,Bogor,2024-06-23
906,Taufik,Nugraha,taufik.nugraha906@example.com,Female,1970-01-12,Yogyakarta,2025-02-15
907,Fajar,Pratama,fajar.pratama907@example.com,Female,2004-10-23,Medan,2024-05-04
908,Karin,Saputra,karin.saputra908@example.com,Female,1978-07-08,Yogyakarta,2025-10-15
909,Taufik,Wijaya,taufik.wijaya909@example.com,Female,1984-06-21,Surabaya,2024-10-21
910,Dinda,Saputra,dinda.saputra910@example.com,Male,1971-12-19,Depok,2024-01-01
911,Budi,Santoso,budi.santoso911@example.com,Male,1991-10-10,Bekasi,2023-07-22
912,Budi,Ramadhan,budi.ramadhan912@example.com,Female,1999-07-07,Semarang,2025-12-12
913,Yusuf,Ramadhan,yusuf.ramadhan913@example.com,Female,1972-03-15,Tangerang,2024-03-28
914,Yusuf,Saputra,yusuf.saputra914@example.com,Male,1979-05-13,Semarang,2023-06-13
915,Putri,Pratama,putri.pratama915@example.com,Female,1995-01-12,Surabaya,2025-01-25
916,Budi,Ramadhan,budi.ramadhan916@example.com,Female,1993-09-24,Jakarta,2023-05-25
917,Joko,Saputra,joko.saputra917@example.com,Male,1993-04-21,Bandung,2023-07-27
918,Hadi,Lestari,hadi.lestari918@example.com,Female,1978-07-02,Bekasi,2025-12-13
919,Hadi,Ramadhan,hadi.ramadhan919@example.com,Male,1995-01-19,Yogyakarta,2025-04-30
920,Dinda,Ramadhan,dinda.ramadhan920@example.com,Female,2000-04-03,Semarang,2025-05-24
921,Dinda,Wijaya,dinda.wijaya921@example.com,Male,1994-09-02,Surabaya,2025-10-30
922,Karin,Wijaya,karin.wijaya922@example.com,Female,1985-10-21,Tangerang,2024-10-26
923,Lukman,Hidayat,lukman.hidayat923@example.com,Female,2002-07-24,Tangerang,2024-05-07
924,Vina,Lestari,vina.lestari924@example.com,Male,1986-10-29,Yogyakarta,2024-06-04
925,Lukman,Kurniawan,lukman.kurniawan925@example.com,Female,1987-10-24,Jakarta,2023-03-12
926,Joko,Ramadhan,joko.ramadhan926@example.com,Male,1993-03-21,Depok,2024-09-10
927,Andi,Permata,andi.permata927@example.com,Male,1979-08-21,Tangerang,2023-02-14
928,Intan,Lestari,intan.lestari928@example.com,Male,1974-03-25,Jakarta,2025-07-31
929,Lukman,Wijaya,lukman.wijaya929@example.com,Male,1981-11-20,Tangerang,2024-05-26
930,Hadi,Permata,hadi.permata930@example.com,Female,1974-02-14,Medan,2025-03-29
931,Vina,Santoso,vina.santoso931@example.com,Male,2002-06-17,Tangerang,2025-09-15
932,Fajar,Kurniawan,fajar.kurniawan932@example.com,Male,1996-09-13,Bogor,2023-03-18
933,Vina,Hidayat,vina.hidayat933@example.com,Male,2004-12-29,Jakarta,2024-11-15
934,Lukman,Hidayat,lukman.hidayat934@example.com,Female,1975-05-29,Bekasi,2023-01-24
935,Maya,Pratama,maya.pratama935@example.com,Female,1993-07-10,Jakarta,2024-10-15
936,Taufik,Ramadhan,taufik.ramadhan936@example.com,Male,1984-08-29,Yogyakarta,2024-03-28
937,Eka,Pratama,eka.pratama937@example.com,Female,1989-12-27,Medan,2025-10-30
938,Citra,Santoso,citra.santoso938@example.com,Female,1982-12-31,Surabaya,2023-10-31
939,Eka,Nugraha,eka.nugraha939@example.com,Male,1991-05-07,Medan,2023-04-11
940,Taufik,Hidayat,taufik.hidayat940@example.com,Female,1973-10-25,Surabaya,2025-10-24
941,Nanda,Wijaya,nanda.wijaya941@example.com,Male,1991-07-29,Yogyakarta,2024-02-10
942,Rizky,Hidayat,rizky.hidayat942@example.com,Male,1995-03-05,Medan,2025-12-09
943,Hadi,Santoso,hadi.santoso943@example.com,Male,1981-12-11,Surabaya,2024-10-24
944,Vina,Saputra,vina.saputra944@example.com,Male,2000-02-18,Surabaya,2025-05-17
945,Lukman,Nugraha,lukman.nugraha945@example.com,Male,1984-05-21,Tangerang,2023-02-19
946,Joko,Wijaya,joko.wijaya946@example.com,Female,1997-08-23,Semarang,2023-10-26
947,Putri,Pratama,putri.pratama947@example.com,Male,1978-12-16,Tangerang,2023-11-16
948,Citra,Saputra,citra.saputra948@example.com,Male,1980-11-26,Medan,2023-10-30
949,Joko,Pratama,joko.pratama949@example.com,Female,2001-02-14,Bandung,2024-09-16
950,Putri,Kurniawan,putri.kurniawan950@example.com,Male,1984-11-20,Bekasi,2024-03-09
951,Gita,Lestari,gita.lestari951@example.com,Female,1994-08-14,Semarang,2023-10-17
952,Andi,Hidayat,andi.hidayat952@example.com,Male,1981-06-17,Depok,2023-05-04
953,Joko,Santoso,joko.santoso953@example.com,Female,1972-05-19,Semarang,2023-01-18
954,Citra,Hidayat,citra.hidayat954@example.com,Female,1999-09-28,Tangerang,2023-08-09
955,Andi,Permata,andi.permata955@example.com,Female,1980-05-15,Surabaya,2025-11-07
956,Dinda,Nugraha,dinda.nugraha956@example.com,Female,1996-10-13,Yogyakarta,2023-06-30
957,Fajar,Santoso,fajar.santoso957@example.com,Female,1995-02-25,Jakarta,2023-03-23
958,Hadi,Lestari,hadi.lestari958@example.com,Female,1984-12-18,Semarang,2025-03-16
959,Fajar,Pratama,fajar.pratama959@example.com,Female,2000-09-11,Tangerang,2024-12-28
960,Joko,Santoso,joko.santoso960@example.com,Female,1972-10-12,Bogor,2025-03-03
961,Andi,Lestari,andi.lestari961@example.com,Female,1980-02-13,Depok,2024-11-30
962,Maya,Wijaya,maya.wijaya962@example.com,Male,2002-09-28,Surabaya,2025-12-02
963,Yusuf,Santoso,yusuf.santoso963@example.com,Female,1980-10-13,Medan,2023-11-09
964,Nanda,Permata,nanda.permata964@example.com,Female,1990-02-24,Yogyakarta,2023-09-27
965,Gita,Wijaya,gita.wijaya965@example.com,Male,1976-03-12,Bogor,2025-12-08
966,Eka,Hidayat,eka.hidayat966@example.com,Male,1999-06-09,Medan,2023-11-20
967,Karin,Saputra,karin.saputra967@example.com,Male,1978-04-05,Tangerang,2023-10-26
968,Andi,Nugraha,andi.nugraha968@example.com,Female,1988-06-12,Bogor,2025-06-26
969,Intan,Wijaya,intan.wijaya969@example.com,Male,1974-10-16,Depok,2024-01-14
970,Andi,Ramadhan,andi.ramadhan970@example.com,Female,1997-03-02,Medan,2024-04-17
971,Yusuf,Santoso,yusuf.santoso971@example.com,Male,2000-10-31,Jakarta,2025-01-05
972,Citra,Kurniawan,citra.kurniawan972@example.com,Male,1992-07-14,Medan,2025-08-18
973,Lukman,Wijaya,lukman.wijaya973@example.com,Female,1992-01-17,Semarang,2023-10-09
974,Fajar,Santoso,fajar.santoso974@example.com,Male,1971-06-13,Surabaya,2023-01-31
975,Intan,Hidayat,intan.hidayat975@example.com,Male,2003-04-20,Bekasi,2024-02-23
976,Citra,Wijaya,citra.wijaya976@example.com,Female,1997-09-05,Semarang,2024-10-27
977,Putri,Santoso,putri.santoso977@example.com,Female,1988-02-29,Jakarta,2025-02-18
978,Karin,Hidayat,karin.hidayat978@example.com,Male,1993-05-10,Bandung,2025-07-13
979,Putri,Pratama,putri.pratama979@example.com,Male,1993-04-08,Yogyakarta,2025-03-21
980,Budi,Lestari,budi.lestari980@example.com,Female,1993-02-25,Jakarta,2024-01-24
981,Joko,Kurniawan,joko.kurniawan981@example.com,Female,1983-08-30,Bogor,2025-08-02
982,Fajar,Hidayat,fajar.hidayat982@example.com,Female,1997-07-03,Jakarta,2025-11-24
983,Eka,Kurniawan,eka.kurniawan983@example.com,Female,1974-01-21,Yogyakarta,2023-08-20
984,Fajar,Ramadhan,fajar.ramadhan984@example.com,Male,1987-08-20,Surabaya,2024-10-24
985,Putri,Pratama,putri.pratama985@example.com,Male,1990-05-09,Medan,2024-02-18
986,Putri,Saputra,putri.saputra986@example.com,Female,1984-07-15,Depok,2023-09-11
987,Citra,Saputra,citra.saputra987@example.com,Female,1998-06-11,Tangerang,2023-06-24
988,Sari,Hidayat,sari.hidayat988@example.com,Male,1986-12-27,Yogyakarta,2025-02-18
989,Budi,Wijaya,budi.wijaya989@example.com,Female,1995-05-15,Depok,2023-11-29
990,Eka,Wijaya,eka.wijaya990@example.com,Male,1988-10-27,Bogor,2024-09-25
991,Putri,Permata,putri.permata991@example.com,Male,1975-04-11,Depok,2024-02-20
992,Andi,Ramadhan,andi.ramadhan992@example.com,Female,1970-07-20,Semarang,2025-10-16
993,Rizky,Lestari,rizky.lestari993@example.com,Male,1997-04-10,Semarang,2024-05-02
994,Gita,Ramadhan,gita.ramadhan994@example.com,Female,1990-05-10,Surabaya,2025-06-23
995,Citra,Ramadhan,citra.ramadhan995@example.com,Male,1980-12-23,Yogyakarta,2024-07-23
996,Yusuf,Lestari,yusuf.lestari996@example.com,Male,1972-03-12,Depok,2023-10-31
997,Budi,Nugraha,budi.nugraha997@example.com,Male,1976-07-09,Jakarta,2024-09-03
998,Karin,Saputra,karin.saputra998@example.com,Male,1974-11-20,Surabaya,2024-01-01
999,Fajar,Permata,fajar.permata999@example.com,Male,1990-06-05,Medan,2025-01-07
1000,Budi,Saputra,budi.saputra1000@example.com,Female,1984-06-25,Tangerang,2025-02-15
