product_id,product_name,category,price,stock_quantity,created_at
1,Wireless Mouse 1,Electronics,4105817.09,194,2025-05-25
2,Wireless Mouse 2,Electronics,4220465.41,16,2024-08-22
3,Wireless Mouse 3,Electronics,2367313.8,31,2024-07-16
4,Wireless Mouse 4,Electronics,1662812.42,105,2025-12-10
5,Wireless Mouse 5,Electronics,1068980.71,53,2023-04-30
6,Wireless Mouse 6,Electronics,568778.62,186,2025-12-19
7,Wireless Mouse 7,Electronics,4936266.59,123,2024-08-11
8,Wireless Mouse 8,Electronics,2149591.69,81,2024-06-15
9,Keyboard 1,Electronics,2638821.35,159,2024-12-25
10,Keyboard 2,Electronics,4637349.21,157,2025-10-13
11,Keyboard 3,Electronics,2610536.36,161,2025-10-16
12,Keyboard 4,Electronics,2475209.66,46,2024-04-21
13,Keyboard 5,Electronics,3550220.66,49,2023-01-04
14,Keyboard 6,Electronics,613080.49,119,2023-08-30
15,Keyboard 7,Electronics,3693905.17,53,2025-04-29
16,Keyboard 8,Electronics,2084854.67,85,2024-12-17
17,Headset 1,Electronics,2813067.14,163,2024-03-10
18,Headset 2,Electronics,81203.91,51,2024-07-30
19,Headset 3,Electronics,1290727.17,17,2024-09-22
20,Headset 4,Electronics,1518912.87,140,2024-10-25
21,Headset 5,Electronics,3840987.19,29,2024-11-13
22,Headset 6,Electronics,1723273.89,185,2023-03-01
23,Headset 7,Electronics,4164412.78,49,2024-11-07
24,Headset 8,Electronics,4173280.87,172,2025-09-08
25,Webcam 1,Electronics,4582911.19,9,2023-10-06
26,Webcam 2,Electronics,2420440.23,160,2025-08-01
27,Webcam 3,Electronics,4462990.18,137,2024-11-17
28,Webcam 4,Electronics,2325788.62,105,2023-04-25
29,Webcam 5,Electronics,4179651.04,76,2024-10-08
30,Webcam 6,Electronics,2787006.61,4,2024-03-02
31,Webcam 7,Electronics,2897553.27,84,2024-12-25
32,Webcam 8,Electronics,354409.88,38,2024-07-28
33,USB Hub 1,Electronics,4207677.29,86,2025-02-07
34,USB Hub 2,Electronics,3141891.47,42,2025-03-08
35,USB Hub 3,Electronics,957210.08,29,2024-09-23
36,USB Hub 4,Electronics,3533699.27,80,2023-03-06
37,USB Hub 5,Electronics,1375699.65,22,2025-10-14
38,USB Hub 6,Electronics,4388317.44,95,2025-07-14
39,USB Hub 7,Electronics,4151550.91,77,2024-03-18
40,USB Hub 8,Electronics,2637374.59,44,2023-08-18
41,T-Shirt 1,Fashion,1886723.06,9,2024-02-18
42,T-Shirt 2,Fashion,4568935.38,113,2025-11-02
43,T-Shirt 3,Fashion,149050.5,123,2025-10-21
44,T-Shirt 4,Fashion,791536.94,87,2025-09-17
45,T-Shirt 5,Fashion,3668894.31,134,2024-09-27
46,T-Shirt 6,Fashion,3883277.72,36,2023-07-21
47,T-Shirt 7,Fashion,4115139.13,132,2023-09-29
48,T-Shirt 8,Fashion,1045805.87,9,2025-07-29
49,Hoodie 1,Fashion,1953251.37,133,2023-08-26
50,Hoodie 2,Fashion,45446.6,11,2023-06-28
51,Hoodie 3,Fashion,1683116.52,11,2023-07-31
52,Hoodie 4,Fashion,2614874.12,168,2024-10-01
53,Hoodie 5,Fashion,136839.3,194,2024-10-01
54,Hoodie 6,Fashion,3203282.99,53,2024-10-19
55,Hoodie 7,Fashion,1022763.67,73,2024-07-20
56,Hoodie 8,Fashion,2673072.13,197,2025-06-22
57,Jeans 1,Fashion,3363842.11,69,2023-11-02
58,Jeans 2,Fashion,808542.67,29,2023-02-01
59,Jeans 3,Fashion,4792532.82,143,2025-11-18
60,Jeans 4,Fashion,534317.08,138,2024-12-18
61,Jeans 5,Fashion,2758094.14,69,2023-10-17
62,Jeans 6,Fashion,4717807.15,72,2024-05-16
63,Jeans 7,Fashion,877093.0,79,2024-11-24
64,Jeans 8,Fashion,2714371.08,12,2023-09-24
65,Sneakers 1,Fashion,169238.61,172,2023-04-14
66,Sneakers 2,Fashion,551986.42,13,2023-06-26
67,Sneakers 3,Fashion,2146667.08,45,2025-07-02
68,Sneakers 4,Fashion,3091168.8,79,2024-11-11
69,Sneakers 5,Fashion,4091773.85,182,2025-12-28
70,Sneakers 6,Fashion,415764.4,193,2025-08-11
71,Sneakers 7,Fashion,2849751.78,23,2025-08-17
72,Sneakers 8,Fashion,508883.41,79,2025-08-11
73,Jacket 1,Fashion,2365965.73,57,2023-10-22
74,Jacket 2,Fashion,4308953.98,157,2024-06-12
75,Jacket 3,Fashion,4566486.51,100,2024-01-11
76,Jacket 4,Fashion,3505582.74,170,2024-11-07
77,Jacket 5,Fashion,3949174.06,83,2025-07-17
78,Jacket 6,Fashion,2450345.99,16,2025-08-31
79,Jacket 7,Fashion,586613.11,122,2025-08-02
80,Jacket 8,Fashion,4232687.16,72,2024-12-14
81,Lamp 1,Home,3032090.15,32,2025-11-06
82,Lamp 2,Home,537087.75,182,2023-08-08
83,Lamp 3,Home,1646201.9,166,2023-05-26
84,Lamp 4,Home,3967343.92,136,2025-08-02
85,Lamp 5,Home,2019061.96,105,2024-05-03
86,Lamp 6,Home,3113852.32,140,2023-11-22
87,Lamp 7,Home,4870111.36,98,2023-05-16
88,Lamp 8,Home,1720052.94,177,2025-06-01
89,Pillow 1,Home,3926962.03,111,2024-12-01
90,Pillow 2,Home,2734021.23,60,2023-12-21
91,Pillow 3,Home,3321495.98,19,2025-09-23
92,Pillow 4,Home,593756.23,152,2025-08-06
93,Pillow 5,Home,1643756.02,24,2025-06-30
94,Pillow 6,Home,901465.66,103,2023-05-23
95,Pillow 7,Home,3001339.43,175,2025-02-15
96,Pillow 8,Home,1653856.01,165,2023-05-06
97,Table 1,Home,475401.7,35,2023-01-01
98,Table 2,Home,3791461.64,169,2023-11-02
99,Table 3,Home,2278547.74,74,2025-03-09
100,Table 4,Home,3087471.53,114,2024-02-05
101,Table 5,Home,1048166.87,81,2024-09-05
102,Table 6,Home,2862125.13,173,2024-09-15
103,Table 7,Home,4594545.57,111,2024-12-06
104,Table 8,Home,4951689.05,149,2023-01-17
105,Chair 1,Home,3067166.51,130,2025-04-07
106,Chair 2,Home,4241992.81,75,2023-05-08
107,Chair 3,Home,1861883.9,140,2023-04-19
108,Chair 4,Home,29195.49,143,2025-01-05
109,Chair 5,Home,570749.13,72,2023-03-05
110,Chair 6,Home,1195324.82,179,2025-03-18
111,Chair 7,Home,3135441.16,182,2025-02-22
112,Chair 8,Home,2045012.46,111,2024-03-08
113,Storage Box 1,Home,3320875.61,121,2023-10-12
114,Storage Box 2,Home,961428.52,98,2025-01-07
115,Storage Box 3,Home,4203814.37,39,2024-08-13
116,Storage Box 4,Home,4987343.81,171,2023-09-15
117,Storage Box 5,Home,693030.3,18,2023-02-02
118,Storage Box 6,Home,741379.54,124,2025-06-13
119,Storage Box 7,Home,4875500.76,34,2023-06-23
120,Storage Box 8,Home,707670.83,106,2025-07-22
121,Face Wash 1,Beauty,4470572.78,178,2025-05-21
122,Face Wash 2,Beauty,3125661.2,116,2025-11-09
123,Face Wash 3,Beauty,2135020.31,115,2025-02-26
124,Face Wash 4,Beauty,1792653.47,47,2025-05-19
125,Face Wash 5,Beauty,3032751.96,147,2025-10-17
126,Face Wash 6,Beauty,4237849.34,60,2025-10-24
127,Face Wash 7,Beauty,1364520.98,139,2025-01-21
128,Face Wash 8,Beauty,191472.83,9,2025-09-16
129,Moisturizer 1,Beauty,3531790.65,28,2025-09-13
130,Moisturizer 2,Beauty,4809645.3,20,2023-10-18
131,Moisturizer 3,Beauty,3657672.71,134,2024-07-26
132,Moisturizer 4,Beauty,2338058.23,20,2025-12-07
133,Moisturizer 5,Beauty,4452329.5,22,2024-05-17
134,Moisturizer 6,Beauty,2375446.57,189,2023-06-09
135,Moisturizer 7,Beauty,3428268.25,138,2024-10-01
136,Moisturizer 8,Beauty,3074869.59,87,2025-12-31
137,Shampoo 1,Beauty,3898172.49,120,2025-07-18
138,Shampoo 2,Beauty,2575498.97,120,2024-11-09
139,Shampoo 3,Beauty,2119555.13,75,2024-08-15
140,Shampoo 4,Beauty,858353.11,177,2024-09-14
141,Shampoo 5,Beauty,3641684.28,144,2024-06-17
142,Shampoo 6,Beauty,330553.37,121,2023-12-13
143,Shampoo 7,Beauty,2874978.48,168,2024-08-20
144,Shampoo 8,Beauty,4049256.5,159,2023-02-25
145,Perfume 1,Beauty,1451907.88,21,2023-09-17
146,Perfume 2,Beauty,2540340.64,200,2024-07-23
147,Perfume 3,Beauty,1278953.6,157,2024-07-29
148,Perfume 4,Beauty,1394205.15,65,2023-01-30
149,Perfume 5,Beauty,3713610.1,154,2023-12-24
150,Perfume 6,Beauty,4552904.16,189,2023-11-06
151,Perfume 7,Beauty,3304299.31,94,2023-12-26
152,Perfume 8,Beauty,1324731.62,179,2024-04-28
153,Sunscreen 1,Beauty,2437469.61,135,2023-03-09
154,Sunscreen 2,Beauty,1730668.78,21,2023-10-25
155,Sunscreen 3,Beauty,2987831.86,39,2025-10-12
156,Sunscreen 4,Beauty,3769987.45,105,2025-02-23
157,Sunscreen 5,Beauty,1208788.51,112,2023-12-09
158,Sunscreen 6,Beauty,1074012.32,187,2024-12-07
159,Sunscreen 7,Beauty,295270.79,67,2023-08-26
160,Sunscreen 8,Beauty,286302.91,118,2025-03-27
161,Running Shoes 1,Sports,2394253.91,121,2025-12-26
162,Running Shoes 2,Sports,1187465.03,174,2025-03-09
163,Running Shoes 3,Sports,2386083.16,37,2025-12-22
164,Running Shoes 4,Sports,4354631.74,3,2024-08-14
165,Running Shoes 5,Sports,4637932.07,114,2025-02-21
166,Running Shoes 6,Sports,3400504.69,135,2023-03-26
167,Running Shoes 7,Sports,509387.5,136,2024-12-25
168,Running Shoes 8,Sports,4782013.69,110,2024-07-12
169,Yoga Mat 1,Sports,1691462.85,68,2023-07-21
170,Yoga Mat 2,Sports,1295336.0,149,2025-03-12
171,Yoga Mat 3,Sports,2319015.25,172,2024-05-10
172,Yoga Mat 4,Sports,3678209.44,150,2024-02-04
173,Yoga Mat 5,Sports,2611762.8,173,2024-01-04
174,Yoga Mat 6,Sports,1583517.39,2,2023-01-18
175,Yoga Mat 7,Sports,4162655.26,3,2025-04-22
176,Yoga Mat 8,Sports,511051.33,26,2025-07-02
177,Dumbbell 1,Sports,1773794.19,185,2024-08-03
178,Dumbbell 2,Sports,1278183.13,8,2023-02-18
179,Dumbbell 3,Sports,3106501.19,14,2024-03-20
180,Dumbbell 4,Sports,4753682.57,163,2023-09-07
181,Dumbbell 5,Sports,3547673.65,30,2023-06-26
182,Dumbbell 6,Sports,4285793.1,33,2025-02-08
183,Dumbbell 7,Sports,3290563.28,165,2024-01-14
184,Dumbbell 8,Sports,4482608.11,178,2024-01-13
185,Jersey 1,Sports,1285345.3,119,2023-06-05
186,Jersey 2,Sports,3202933.03,70,2025-05-24
187,Jersey 3,Sports,3468801.92,170,2024-10-24
188,Jersey 4,Sports,1305249.56,199,2023-06-01
189,Jersey 5,Sports,1404505.22,15,2025-02-22
190,Jersey 6,Sports,1958237.38,15,2024-06-12
191,Jersey 7,Sports,4779138.35,67,2023-12-31
192,Jersey 8,Sports,2216859.79,125,2024-02-15
193,Sports Bag 1,Sports,3061251.88,45,2025-10-04
194,Sports Bag 2,Sports,564441.58,138,2025-06-02
195,Sports Bag 3,Sports,1111472.83,164,2023-08-06
196,Sports Bag 4,Sports,4565230.88,183,2024-06-14
197,Sports Bag 5,Sports,538853.4,18,2023-05-25
198,Sports Bag 6,Sports,2867439.19,64,2025-07-02
199,Sports Bag 7,Sports,118354.85,127,2023-11-01
200,Sports Bag 8,Sports,3273005.03,0,2023-03-19
